"name","calories","protein","fat","price","spicy","type","taste","tags","position"
"白菜肉馅饺子","420","18","14","14元/份","否","主食","咸鲜","中餐;主食;面食;荤菜;素菜;饺子","风味餐厅二楼"
"韭菜肉馅饺子","430","18","15","14元/份","否","主食","浓香","中餐;主食;面食;荤菜;素菜;饺子","风味餐厅二楼"
"牛肉饺子","460","24","16","18元/份","否","主食","酱香","中餐;主食;面食;荤菜;饺子;高蛋白","风味餐厅二楼"
"三鲜虾仁饺子","380","22","10","18元/份","否","主食","鲜美","中餐;主食;面食;荤菜;饺子;高蛋白","风味餐厅二楼"
"香菇肉馅饺子","410","17","13","16元/份","否","主食","菌香","中餐;主食;面食;荤菜;素菜;饺子","风味餐厅二楼"
"玉米肉馅饺子","440","16","14","15元/份","否","主食","清甜","中餐;主食;面食;荤菜;素菜;饺子","风味餐厅二楼"
"柠檬接骨木花","90","0","0","13元","否","饮品","酸甜","中餐;饮品;饮料;果茶;低热量","风味餐厅二楼"
"香橙接骨木花","90","0","0","13元","否","饮品","酸甜","中餐;饮品;饮料;果茶;低热量","风味餐厅二楼"
"台湾手作奶茶","380","3","12","7元","否","饮品","奶香","中餐;饮品;饮料;奶茶;普通能量","风味餐厅二楼"
"青稞谷物奶茶","260","2","8","8元","否","饮品","奶香","中餐;饮品;饮料;奶茶;普通能量","风味餐厅二楼"
"茉香奶绿","180","1","3","8元","否","饮品","清香","中餐;饮品;饮料;奶茶;低热量","风味餐厅二楼"
"椰果奶茶","260","2","8","8元","否","饮品","奶香","中餐;饮品;饮料;奶茶;普通能量","风味餐厅二楼"
"红豆奶茶","260","2","8","8元","否","饮品","奶香","中餐;饮品;饮料;奶茶;普通能量","风味餐厅二楼"
"抹茶红豆奶茶","260","2","8","9元","否","饮品","微苦奶香","中餐;饮品;饮料;奶茶;普通能量","风味餐厅二楼"
"满杯烧仙草","180","1","3","9元","否","饮品","奶香","中餐;饮品;饮料;奶茶;低热量","风味餐厅二楼"
"红豆布丁奶茶","380","3","12","10元","否","饮品","甜润","中餐;饮品;饮料;奶茶;普通能量","风味餐厅二楼"
"黑糖波波奶茶","380","3","12","10元","否","饮品","焦糖","中餐;饮品;饮料;奶茶;普通能量","风味餐厅二楼"
"阿尔卑斯奶茶","380","3","12","10元","否","饮品","焦糖","中餐;饮品;饮料;奶茶;普通能量","风味餐厅二楼"
"芋泥波波奶茶","380","3","12","10元","否","饮品","浓郁","中餐;饮品;饮料;奶茶;普通能量","风味餐厅二楼"
"抹茶咸乳酪","380","3","12","13元","否","饮品","咸甜","中餐;饮品;饮料;普通能量","风味餐厅二楼"
"金桔柠檬茶","90","0","0","8元","否","饮品","酸甜","中餐;饮品;饮料;果茶;低热量","风味餐厅二楼"
"柠檬打奶","90","0","0","9元","否","饮品","酸甜","中餐;饮品;饮料;低热量","风味餐厅二楼"
"柠檬红茶","90","0","0","10元","否","饮品","清甜","中餐;饮品;饮料;低热量","风味餐厅二楼"
"白月光柠檬茶","90","0","0","10元","否","饮品","清爽","中餐;饮品;饮料;果茶;低热量","风味餐厅二楼"
"满杯鲜橙","90","0","0","12元","否","饮品","果香","中餐;饮品;饮料;果茶;低热量","风味餐厅二楼"
"桃桃莓莓","90","0","0","12元","否","饮品","甜美","中餐;饮品;饮料;低热量","风味餐厅二楼"
"百香果双响炮","90","0","0","12元","否","饮品","酸甜","中餐;饮品;饮料;果茶;低热量","风味餐厅二楼"
"乌漆嘛黑(冷)","90","0","0","12元","否","饮品","酸甜","中餐;饮品;饮料;低热量","风味餐厅二楼"
"荔枝N次方","90","0","0","12元","否","饮品","清甜","中餐;饮品;饮料;果茶;低热量","风味餐厅二楼"
"桑葚柠檬茶","90","0","0","12元","否","饮品","酸甜","中餐;饮品;饮料;果茶;低热量","风味餐厅二楼"
"草莓爆柠檬","90","0","0","12元","否","饮品","酸甜","中餐;饮品;饮料;果茶;低热量","风味餐厅二楼"
"葡萄冻冻茶","90","0","0","14元","否","饮品","果香","中餐;饮品;饮料;果茶;低热量","风味餐厅二楼"
"多肉葡萄鲜椰","90","0","0","12元","否","饮品","清爽","中餐;饮品;饮料;果茶;低热量","风味餐厅二楼"
"生打椰椰冻","90","0","0","12元","否","饮品","椰香","中餐;饮品;饮料;低热量","风味餐厅二楼"
"生打椰椰芒","90","0","0","12元","否","饮品","椰香","中餐;饮品;饮料;低热量","风味餐厅二楼"
"生打椰椰莓","90","0","0","12元","否","饮品","椰香","中餐;饮品;饮料;低热量","风味餐厅二楼"
"杨枝甘露","180","1","3","14元","否","饮品","浓郁","中餐;饮品;饮料;低热量","风味餐厅二楼"
"葡萄养乐多","90","0","0","10元","否","饮品","酸甜","中餐;饮品;饮料;果茶;低热量","风味餐厅二楼"
"草莓养乐多","90","0","0","10元","否","饮品","酸甜","中餐;饮品;饮料;果茶;低热量","风味餐厅二楼"
"凤梨养乐多","90","0","0","10元","否","饮品","酸甜","中餐;饮品;饮料;果茶;低热量","风味餐厅二楼"
"百香果养乐多","90","0","0","10元","否","饮品","酸甜","中餐;饮品;饮料;果茶;低热量","风味餐厅二楼"
"绿茶养乐多","90","0","0","10元","否","饮品","清爽","中餐;饮品;饮料;果茶;低热量","风味餐厅二楼"
"水蜜桃养乐多","90","0","0","10元","否","饮品","酸甜","中餐;饮品;饮料;果茶;低热量","风味餐厅二楼"
"经典美式","90","0","0","12元","否","饮品","微苦","中餐;饮品;饮料;咖啡;低热量","风味餐厅二楼"
"热拿铁","260","2","8","14元","否","饮品","奶香","中餐;饮品;饮料;咖啡;普通能量","风味餐厅二楼"
"生椰拿铁","260","2","8","14元","否","饮品","椰香","中餐;饮品;饮料;咖啡;普通能量","风味餐厅二楼"
"牛油果厚酸奶","380","3","12","14元","否","饮品","浓郁","中餐;饮品;饮料;酸奶;普通能量","风味餐厅二楼"
"牛油果椰椰冰","380","3","12","14元","否","饮品","清甜","中餐;饮品;饮料;普通能量","风味餐厅二楼"
"牛油果生椰拿铁","380","3","12","15元","否","饮品","醇厚","中餐;饮品;饮料;咖啡;普通能量","风味餐厅二楼"
"草莓果茸","380","3","12","12元","否","饮品","咸甜","中餐;饮品;饮料;果茶;普通能量","风味餐厅二楼"
"芒果果茸","380","3","12","12元","否","饮品","咸甜","中餐;饮品;饮料;果茶;普通能量","风味餐厅二楼"
"凤梨果茸","380","3","12","12元","否","饮品","咸甜","中餐;饮品;饮料;果茶;普通能量","风味餐厅二楼"
"多肉葡萄果茸","380","3","12","12元","否","饮品","咸甜","中餐;饮品;饮料;果茶;普通能量","风味餐厅二楼"
"夏黑桑葚葡萄果茸","380","3","12","12元","否","饮品","咸甜","中餐;饮品;饮料;果茶;普通能量","风味餐厅二楼"
"草莓奶昔","380","3","12","10元","否","饮品","奶香","中餐;饮品;饮料;果茶;普通能量","风味餐厅二楼"
"芒果奶昔","380","3","12","10元","否","饮品","奶香","中餐;饮品;饮料;果茶;普通能量","风味餐厅二楼"
"蓝莓奶昔","380","3","12","10元","否","饮品","奶香","中餐;饮品;饮料;果茶;普通能量","风味餐厅二楼"
"凤梨奶昔","380","3","12","10元","否","饮品","奶香","中餐;饮品;饮料;果茶;普通能量","风味餐厅二楼"
"水蜜桃奶昔","380","3","12","10元","否","饮品","奶香","中餐;饮品;饮料;普通能量","风味餐厅二楼"
"抹茶星冰乐","380","3","12","12元","否","饮品","清香","中餐;饮品;饮料;咖啡;普通能量","风味餐厅二楼"
"芒果酸奶酪酪","260","2","8","12元","否","饮品","酸甜","中餐;饮品;饮料;果茶;酸奶;普通能量","风味餐厅二楼"
"草莓酸奶酪酪","260","2","8","12元","否","饮品","酸甜","中餐;饮品;饮料;果茶;酸奶;普通能量","风味餐厅二楼"
"凤梨酸奶酪酪","260","2","8","12元","否","饮品","酸甜","中餐;饮品;饮料;果茶;酸奶;普通能量","风味餐厅二楼"
"桑葚酸奶酪酪","260","2","8","12元","否","饮品","酸甜","中餐;饮品;饮料;果茶;酸奶;普通能量","风味餐厅二楼"
"蓝莓酸奶酪酪","260","2","8","13元","否","饮品","酸甜","中餐;饮品;饮料;果茶;酸奶;普通能量","风味餐厅二楼"
"香橙接骨木花(冷)","90","0","0","13元","否","饮品","果香","中餐;饮品;饮料;果茶;低热量","风味餐厅二楼"
"柠檬水","90","0","0","4元","否","饮品","酸","中餐;饮品;饮料;果茶;低热量","风味餐厅二楼"
"酸梅汤","90","0","0","3元","否","饮品","酸甜","中餐;饮品;汤品;饮料;汤粥;低热量","风味餐厅二楼"
"小叶茉莉","90","0","0","4元","否","饮品","清香","中餐;饮品;饮料;低热量","风味餐厅二楼"
"蜜香红茶","90","0","0","4元","否","饮品","清甜","中餐;饮品;饮料;低热量","风味餐厅二楼"
"草莓果奶脏脏","380","3","12","12元","否","饮品","甜润","中餐;饮品;饮料;果茶;普通能量","风味餐厅二楼"
"芒果果奶脏脏","380","3","12","12元","否","饮品","甜润","中餐;饮品;饮料;果茶;普通能量","风味餐厅二楼"
"凤梨果奶脏脏","380","3","12","12元","否","饮品","甜润","中餐;饮品;饮料;果茶;普通能量","风味餐厅二楼"
"蓝莓果奶脏脏","380","3","12","13元","否","饮品","甜润","中餐;饮品;饮料;果茶;普通能量","风味餐厅二楼"
"荤素自选(称重)","150","8","6","1.98元/两","否","自选","咸鲜","中餐;自选;荤菜;素菜;低热量","风味餐厅二楼"
"万州烤鱼","1200","95","65","58元/条","中辣","主菜","香辣;咸鲜","中餐;荤菜;素菜;烤鱼;高蛋白;高脂;高热量","风味餐厅二楼"
"麻辣香锅","350","15","22","1.98元/两","自选","干锅","香辣;微辣;特辣;酱香","中餐;干锅;高脂","风味餐厅二楼"
"麻辣烫","180","8","6","1.98元/两","自选","汤菜","麻辣;骨汤;番茄","中餐;汤品;素菜;汤粥;火锅;低热量","风味餐厅二楼"
"米饭","230","5","1","1元/碗","不辣","主食","清淡","中餐;主食","风味餐厅二楼"
"蛋炒饭","550","13","16","10元","不辣","主食","咸鲜","中餐;主食;炒饭","风味餐厅二楼"
"腊肠炒饭","680","16","28","14元","不辣","主食","咸鲜;腊香","中餐;主食;炒饭;高脂;高热量","风味餐厅二楼"
"虾仁鸡蛋炒饭","580","22","15","14元","不辣","主食","鲜美","中餐;主食;蛋类;荤菜;炒饭;高蛋白","风味餐厅二楼"
"培根炒饭","640","15","24","13元","不辣","主食","咸鲜","中餐;主食;荤菜;炒饭;高脂","风味餐厅二楼"
"老干妈鸡肉炒饭","660","20","22","13元","微辣","主食","香辣;咸鲜","中餐;主食;荤菜;炒饭;高蛋白;高脂;高热量","风味餐厅二楼"
"咖喱鸡肉炒饭","620","19","18","13元","微辣","主食","咖喱味","中餐;主食;荤菜;炒饭","风味餐厅二楼"
"尖椒肉丝炒饭","630","18","22","13元","中辣","主食","香辣;咸鲜","中餐;主食;荤菜;炒饭;高脂","风味餐厅二楼"
"香菇鸡腿炒饭","610","21","17","13元","不辣","主食","鲜香","中餐;主食;荤菜;素菜;炒饭;高蛋白","风味餐厅二楼"
"扬州炒饭","560","15","14","12元","不辣","主食","清淡;鲜美","中餐;主食;炒饭","风味餐厅二楼"
"奥尔良鸡腿炒饭","630","22","18","13元","不辣","主食","奥尔良味;微甜","中餐;主食;荤菜;炒饭;高蛋白","风味餐厅二楼"
"香辣牛肉面","520","18","14","6元","中辣","面食","香辣","中餐;面食;荤菜;面条","风味餐厅二楼"
"老坛酸菜面","490","12","13","6元","微辣","面食","酸辣;鲜美","中餐;面食;素菜;面条","风味餐厅二楼"
"酸辣牛肉面","530","18","15","6元","中辣","面食","酸辣","中餐;面食;荤菜;面条","风味餐厅二楼"
"海鲜面","460","20","8","6元","不辣","面食","鲜美","中餐;面食;面条;高蛋白","风味餐厅二楼"
"红烧牛肉面","540","19","16","6元","微辣","面食","咸鲜;酱香","中餐;面食;荤菜;面条","风味餐厅二楼"
"加鸡蛋(煎)","120","7","9","2元","不辣","加料","咸鲜","中餐;小吃;蛋类;加料;低热量","风味餐厅二楼"
"加火腿肠","150","5","11","2元","不辣","加料","咸鲜","中餐;小吃;荤菜;加料;低热量","风味餐厅二楼"
"东北麻辣拌","220","12","14","1.98/两","自选","凉拌菜","麻辣;酱香","中餐;小吃;素菜;低热量","风味餐厅二楼"
"米饭","230","5","1","1元","不辣","主食","清淡","中餐;主食","风味餐厅二楼"
"玉米虾仁炒饭","540","20","12","14元","不辣","主食","鲜美;清甜","中餐;主食;荤菜;素菜;炒饭;高蛋白","风味餐厅二楼"
"肉末鸡蛋炒饭","620","16","22","13元","不辣","主食","咸鲜","中餐;主食;蛋类;荤菜;炒饭;高脂","风味餐厅二楼"
"鲜肉小笼包","65","3.5","3","1元/个","不辣","面点","咸鲜;多汁","中餐;面食;荤菜;包子;低热量","风味餐厅二楼"
"香菇猪肉小笼包","60","3.2","2.8","1元/个","不辣","面点","鲜香","中餐;面食;荤菜;素菜;包子;低热量","风味餐厅二楼"
"牛肉小笼包","62","4","2.5","1.5元/个","不辣","面点","咸鲜;浓郁","中餐;面食;荤菜;包子;低热量","风味餐厅二楼"
"韭菜鸡蛋小笼包","45","1.8","1.5","0.8元/个","不辣","面点","鲜美","中餐;面食;蛋类;素菜;包子;低热量","风味餐厅二楼"
"西葫芦鸡蛋小笼包","42","1.7","1.3","0.8元/个","不辣","面点","清鲜","中餐;面食;蛋类;包子;低热量","风味餐厅二楼"
"蒸饺","55","2.5","2.2","1元/个","不辣","面点","咸鲜","中餐;面食;包子;低热量","风味餐厅二楼"
"茶叶蛋","80","7","5.5","1.5元一个","不辣","小吃","五香","中餐;小吃;饮料;低热量","风味餐厅二楼"
"原味豆浆","70","5","3.5","1.5元","不辣","饮品","豆香;微甜","中餐;饮品;饮料;低热量","风味餐厅二楼"
"南瓜小米粥","110","2","0.5","2元","不辣","粥品","清甜","中餐;汤品;素菜;汤粥;低热量","风味餐厅二楼"
"八宝粥","160","3.5","1","2元","不辣","粥品","甜润","中餐;汤品;汤粥;低热量","风味餐厅二楼"
"豆腐脑","90","6","4","2.5元","不辣","小吃","咸鲜","中餐;小吃;素菜;低热量","风味餐厅二楼"
"猪肉大葱饺子","480","18","22","14元","不辣","面食","咸鲜;葱香","中餐;面食;荤菜;面条;饺子;高脂","风味餐厅二楼"
"韭菜鸡蛋饺子","380","12","14","13元","不辣","面食","鲜美","中餐;面食;蛋类;素菜;面条;饺子","风味餐厅二楼"
"大馅馄饨","360","14","12","10元","不辣","面食","鲜美","中餐;面食;面条","风味餐厅二楼"
"川香回锅肉盖饭","780","22","35","14元","中辣","盖饭","香辣;咸鲜","中餐;主食;荤菜;盖饭;高蛋白;高脂;高热量","风味餐厅二楼"
"孜然烤肉盖饭","720","26","28","14元","微辣","盖饭","孜然味","中餐;主食;荤菜;盖饭;高蛋白;高脂;高热量","风味餐厅二楼"
"木须肉盖饭","650","20","18","14元","不辣","盖饭","咸鲜","中餐;主食;荤菜;盖饭;高蛋白;高热量","风味餐厅二楼"
"鱼香肉丝盖饭","680","18","22","14元","鱼香味","盖饭","酸甜;微辣","中餐;主食;荤菜;盖饭;高脂;高热量","风味餐厅二楼"
"尖椒肉丝盖饭","660","19","21","14元","中辣","盖饭","香辣;咸鲜","中餐;主食;荤菜;盖饭;高脂;高热量","风味餐厅二楼"
"蒜苔肉丝盖饭","640","18","19","14元","不辣","盖饭","咸鲜","中餐;主食;荤菜;盖饭","风味餐厅二楼"
"宫爆鸡丁盖饭","690","24","22","14元","微辣","盖饭","糊辣;酸甜","中餐;主食;荤菜;盖饭;高蛋白;高脂;高热量","风味餐厅二楼"
"酱爆鸡丁盖饭","670","23","20","14元","不辣","盖饭","酱香;微甜","中餐;主食;荤菜;盖饭;高蛋白;高脂;高热量","风味餐厅二楼"
"香辣肉丝盖饭","660","19","21","14元","中辣","盖饭","香辣","中餐;主食;荤菜;盖饭;高脂;高热量","风味餐厅二楼"
"老干妈鸡丁盖饭","680","23","22","14元","微辣","盖饭","香辣;咸鲜","中餐;主食;荤菜;盖饭;高蛋白;高脂;高热量","风味餐厅二楼"
"湘西小炒肉盖饭","740","21","30","14元","特辣","盖饭","香辣;鲜咸","中餐;主食;荤菜;盖饭;小炒;高蛋白;高脂;高热量","风味餐厅二楼"
"红烧肉盖饭","850","22","45","15元","不辣","盖饭","咸甜;酱香","中餐;主食;荤菜;盖饭;高蛋白;高脂;高热量","风味餐厅二楼"
"蒜苔腊肉盖饭","760","18","32","15元","不辣","盖饭","咸鲜;腊香","中餐;主食;荤菜;盖饭;高脂;高热量","风味餐厅二楼"
"滑蛋肉片盖饭","630","22","18","15元","不辣","盖饭","鲜嫩;清淡","中餐;主食;蛋类;荤菜;盖饭;高蛋白","风味餐厅二楼"
"蛋炒肉盖饭","680","22","23","15元","不辣","盖饭","咸鲜","中餐;主食;荤菜;盖饭;高蛋白;高脂;高热量","风味餐厅二楼"
"茶树菇牛柳盖饭","640","25","16","16元","不辣","盖饭","鲜香","中餐;主食;荤菜;素菜;盖饭;饮料;高蛋白","风味餐厅二楼"
"烧椒黑椒牛柳盖饭","660","25","18","16元","中辣","盖饭","黑椒味;烧椒香","中餐;主食;荤菜;盖饭;高蛋白;高热量","风味餐厅二楼"
"脆笋牛柳盖饭","620","24","15","16元","微辣","盖饭","咸鲜;脆嫩","中餐;主食;荤菜;素菜;盖饭;高蛋白","风味餐厅二楼"
"脆笋肉片盖饭","630","19","19","15元","微辣","盖饭","咸鲜","中餐;主食;荤菜;素菜;盖饭","风味餐厅二楼"
"腐竹肉片盖饭","660","22","21","15元","不辣","盖饭","咸鲜","中餐;主食;荤菜;素菜;盖饭;高蛋白;高脂;高热量","风味餐厅二楼"
"梅菜扣肉饭","880","20","48","15元","不辣","盖饭","咸甜;酱香","中餐;主食;荤菜;素菜;盖饭;高蛋白;高脂;高热量","风味餐厅二楼"
"肉酱茄子盖饭","680","12","28","12元","不辣","盖饭","酱香","中餐;主食;荤菜;素菜;盖饭;高脂;高热量","风味餐厅二楼"
"肉酱豆腐盖饭","580","16","18","12元","不辣","盖饭","酱香","中餐;主食;荤菜;素菜;盖饭","风味餐厅二楼"
"尖椒鸡蛋盖饭","590","14","18","12元","中辣","盖饭","香辣","中餐;主食;蛋类;盖饭","风味餐厅二楼"
"地三鲜盖饭","610","8","22","12元","不辣","盖饭","咸鲜","中餐;主食;盖饭;高脂","风味餐厅二楼"
"红烧茄子盖饭","640","6","26","12元","不辣","盖饭","咸甜","中餐;主食;素菜;盖饭;高脂","风味餐厅二楼"
"西红柿鸡蛋盖饭","560","13","14","12元","不辣","盖饭","酸甜","中餐;主食;蛋类;盖饭","风味餐厅二楼"
"干锅土豆片","420","5","18","14元","微辣","干锅","香辣;咸鲜","中餐;素菜;干锅","风味餐厅二楼"
"干锅娃娃菜","280","6","16","14元","微辣","干锅","鲜香;微辣","中餐;素菜;干锅","风味餐厅二楼"
"干锅菜花","310","7","18","15元","微辣","干锅","咸鲜;微辣","中餐;素菜;干锅","风味餐厅二楼"
"干锅千叶豆腐","460","18","24","15元","中辣","干锅","香辣;酱香","中餐;素菜;干锅;高脂","风味餐厅二楼"
"干锅骨肉相连","620","24","28","18元","微辣","干锅","咸甜;微辣","中餐;荤菜;干锅;高蛋白;高脂","风味餐厅二楼"
"干锅麻辣腐竹","480","20","26","18元","中辣","干锅","麻辣;酱香","中餐;素菜;干锅;高蛋白;高脂","风味餐厅二楼"
"干锅五花肉茶树菇","680","18","42","18元","微辣","干锅","鲜香;咸鲜","中餐;荤菜;素菜;饮料;干锅;高脂;高热量","风味餐厅二楼"
"干锅湘西小炒肉","720","22","38","18元","特辣","干锅","香辣;鲜咸","中餐;荤菜;干锅;小炒;高蛋白;高脂;高热量","风味餐厅二楼"
"干锅藕片五花肉","650","15","38","20元","微辣","干锅","咸鲜;微辣","中餐;荤菜;素菜;干锅;高脂;高热量","风味餐厅二楼"
"干锅什锦三菌菇","340","11","18","20元","微辣","干锅","鲜香","中餐;素菜;干锅","风味餐厅二楼"
"干锅全家福","720","28","42","20元","中辣","干锅","香辣;咸鲜","中餐;干锅;高蛋白;高脂;高热量","风味餐厅二楼"
"干锅杏鲍菇","320","8","16","16元","微辣","干锅","鲜美;微辣","中餐;素菜;干锅","风味餐厅二楼"
"干锅麻辣鲜蘑","330","9","17","16元","中辣","干锅","麻辣","中餐;干锅","风味餐厅二楼"
"干锅千张","440","22","25","16元","中辣","干锅","香辣;酱香","中餐;素菜;干锅;高蛋白;高脂","风味餐厅二楼"
"干锅鸡蛋干","460","24","22","18元","微辣","干锅","咸鲜","中餐;蛋类;干锅;高蛋白;高脂","风味餐厅二楼"
"干锅椒麻鸭","680","26","35","18元","椒麻","干锅","椒麻;麻辣","中餐;荤菜;干锅;高蛋白;高脂;高热量","风味餐厅二楼"
"干锅辣子鸡","710","28","32","18元","中辣","干锅","香辣;麻辣","中餐;干锅;高蛋白;高脂;高热量","风味餐厅二楼"
"干锅炒仔鸡","690","27","30","18元","微辣","干锅","咸鲜;微辣","中餐;干锅;高蛋白;高脂;高热量","风味餐厅二楼"
"擂椒蒜蓉茄泥拌饭","520","10","14","14元","中辣","拌饭","蒜香;酸辣","中餐;主食;拌饭","风味餐厅二楼"
"擂椒茄汁鸡蛋拌饭","560","14","16","14元","微辣","拌饭","茄汁;鲜辣","中餐;主食;蛋类;拌饭","风味餐厅二楼"
"擂椒雪菜鸡蛋拌饭","550","13","15","14元","中辣","拌饭","咸鲜;鲜辣","中餐;主食;蛋类;素菜;拌饭","风味餐厅二楼"
"擂椒孜然烤肉拌饭","690","24","25","15元","中辣","拌饭","孜然味;鲜辣","中餐;主食;荤菜;拌饭;高蛋白;高脂;高热量","风味餐厅二楼"
"擂椒豉香鸡丁拌饭","660","23","20","15元","中辣","拌饭","豉香;鲜辣","中餐;主食;荤菜;拌饭;高蛋白;高脂;高热量","风味餐厅二楼"
"擂椒鸭腿饭","720","26","28","16元","中辣","拌饭","鲜美;鲜辣","中餐;主食;荤菜;拌饭;高蛋白;高脂;高热量","风味餐厅二楼"
"擂椒鸡翅根饭","680","24","22","16元","中辣","拌饭","鲜美;鲜辣","中餐;主食;拌饭;高蛋白;高脂;高热量","风味餐厅二楼"
"擂椒雪菜肉丁拌饭","670","18","24","16元","中辣","拌饭","咸鲜;鲜辣","中餐;主食;荤菜;素菜;拌饭;高脂;高热量","风味餐厅二楼"
"擂椒小炒肉拌饭","710","21","32","16元","特辣","拌饭","香辣;鲜咸","中餐;主食;荤菜;拌饭;小炒;高蛋白;高脂;高热量","风味餐厅二楼"
"擂椒红烧肉拌饭","820","20","42","16元","中辣","拌饭","咸甜;酱香;鲜辣","中餐;主食;荤菜;拌饭;高蛋白;高脂;高热量","风味餐厅二楼"
"擂椒把子肉拌饭","850","22","46","16元","中辣","拌饭","酱香;浓郁;鲜辣","中餐;主食;荤菜;拌饭;高蛋白;高脂;高热量","风味餐厅二楼"
"擂椒肥牛拌饭","740","26","28","18元","中辣","拌饭","鲜美;鲜辣","中餐;主食;荤菜;拌饭;高蛋白;高脂;高热量","风味餐厅二楼"
"擂椒扣肉拌饭","840","19","45","18元","中辣","拌饭","酱香;咸甜;鲜辣","中餐;主食;荤菜;拌饭;高脂;高热量","风味餐厅二楼"
"黑椒鸡扒饭","620","25","18","14元","微辣","扒饭","黑椒味","中餐;主食;荤菜;扒饭;高蛋白","风味餐厅二楼"
"咖喱鸡扒饭","640","24","20","14元","微辣","扒饭","咖喱味","中餐;主食;荤菜;扒饭;高蛋白;高脂","风味餐厅二楼"
"茄汁鸡扒饭","610","24","16","14元","不辣","扒饭","酸甜","中餐;主食;荤菜;扒饭;高蛋白","风味餐厅二楼"
"麻辣鸡扒饭","630","25","19","14元","中辣","扒饭","麻辣","中餐;主食;荤菜;扒饭;高蛋白","风味餐厅二楼"
"黑椒猪扒饭","680","23","26","16元","微辣","扒饭","黑椒味","中餐;主食;荤菜;扒饭;高蛋白;高脂;高热量","风味餐厅二楼"
"咖喱猪扒饭","700","22","28","16元","微辣","扒饭","咖喱味","中餐;主食;荤菜;扒饭;高蛋白;高脂;高热量","风味餐厅二楼"
"茄汁猪扒饭","670","22","24","16元","不辣","扒饭","酸甜","中餐;主食;荤菜;扒饭;高蛋白;高脂;高热量","风味餐厅二楼"
"麻辣猪扒饭","690","23","27","16元","中辣","扒饭","麻辣","中餐;主食;荤菜;扒饭;高蛋白;高脂;高热量","风味餐厅二楼"
"黑椒牛扒饭","660","28","22","18元","微辣","扒饭","黑椒味","中餐;主食;荤菜;扒饭;高蛋白;高脂;高热量","风味餐厅二楼"
"麻辣牛扒饭","670","28","23","18元","中辣","扒饭","麻辣","中餐;主食;荤菜;扒饭;高蛋白;高脂;高热量","风味餐厅二楼"
"咖喱牛扒饭","680","27","24","18元","微辣","扒饭","咖喱味","中餐;主食;荤菜;扒饭;高蛋白;高脂;高热量","风味餐厅二楼"
"茄汁牛扒饭","650","27","20","18元","不辣","扒饭","酸甜","中餐;主食;荤菜;扒饭;高蛋白;高脂;高热量","风味餐厅二楼"
"甜香玉米滑蛋饭","520","12","14","12元","不辣","滑蛋饭","清甜;清淡","中餐;主食;蛋类;素菜;滑蛋饭","风味餐厅二楼"
"香煎鸡肉滑蛋饭","580","22","18","14元","不辣","滑蛋饭","咸鲜","中餐;主食;蛋类;荤菜;滑蛋饭;高蛋白","风味餐厅二楼"
"风味火腿滑蛋饭","560","15","20","14元","不辣","滑蛋饭","咸鲜","中餐;主食;蛋类;荤菜;滑蛋饭;高脂","风味餐厅二楼"
"焦香培根滑蛋饭","620","16","26","14元","不辣","滑蛋饭","咸鲜;烟熏","中餐;主食;蛋类;荤菜;滑蛋饭;高脂","风味餐厅二楼"
"广式腊肠滑蛋饭","650","15","28","15元","不辣","滑蛋饭","咸甜;腊香","中餐;主食;蛋类;滑蛋饭;高脂;高热量","风味餐厅二楼"
"川式腊肠滑蛋饭","660","15","29","15元","微辣","滑蛋饭","麻辣;咸鲜","中餐;主食;蛋类;滑蛋饭;高脂;高热量","风味餐厅二楼"
"奥良鸡排滑蛋饭","610","24","20","15元","不辣","滑蛋饭","奥尔良味","中餐;主食;蛋类;荤菜;滑蛋饭;炸鸡;高蛋白;高脂","风味餐厅二楼"
"里脊猪扒滑蛋饭","640","22","22","16元","不辣","滑蛋饭","咸鲜","中餐;主食;蛋类;荤菜;滑蛋饭;高蛋白;高脂","风味餐厅二楼"
"鲜弹虾仁滑蛋饭","510","24","12","16元","不辣","滑蛋饭","鲜美;清淡","中餐;主食;蛋类;荤菜;滑蛋饭;高蛋白","风味餐厅二楼"
"嫩滑牛肉滑蛋饭","590","26","16","18元","不辣","滑蛋饭","鲜嫩","中餐;主食;蛋类;荤菜;滑蛋饭;高蛋白","风味餐厅二楼"
"香煎鱿鱼滑蛋饭","540","25","13","18元","不辣","滑蛋饭","鲜美","中餐;主食;蛋类;滑蛋饭;高蛋白","风味餐厅二楼"
"鲜嫩肥牛滑蛋饭","680","24","28","20元","不辣","滑蛋饭","浓郁;咸鲜","中餐;主食;蛋类;荤菜;滑蛋饭;高蛋白;高脂;高热量","风味餐厅二楼"
"铁板烧汁鸡肉饭","650","24","18","15元","不辣","铁板饭","酱香;咸甜","中餐;主食;荤菜;高蛋白;高热量","风味餐厅二楼"
"铁板烧汁五花肉","780","18","38","16元","不辣","铁板饭","酱香;浓郁","中餐;主食;荤菜;高脂;高热量","风味餐厅二楼"
"铁板烧汁鱿鱼饭","580","26","12","18元","不辣","铁板饭","酱香;鲜美","中餐;主食;高蛋白","风味餐厅二楼"
"铁板烧汁牛肉饭","680","27","19","18元","不辣","铁板饭","酱香;咸鲜","中餐;主食;荤菜;高蛋白;高热量","风味餐厅二楼"
"铁板烧汁羊肉饭","710","25","24","18元","不辣","铁板饭","酱香;滋味","中餐;主食;荤菜;高蛋白;高脂;高热量","风味餐厅二楼"
"奥尔良鸡排饭","640","23","20","15元","不辣","铁板饭","奥尔良味;甜香","中餐;主食;荤菜;炸鸡;高蛋白;高脂","风味餐厅二楼"
"脆皮鸡排饭","690","22","26","15元","不辣","铁板饭","咸鲜;酥脆","中餐;主食;荤菜;脆皮鸡饭;炸鸡;高蛋白;高脂;高热量","风味餐厅二楼"
"照烧鸡腿饭","660","25","18","16元","不辣","铁板饭","照烧味;咸甜","中餐;主食;荤菜;高蛋白;高热量","风味餐厅二楼"
"照烧猪扒饭","720","23","25","18元","不辣","铁板饭","照烧味;咸甜","中餐;主食;荤菜;扒饭;高蛋白;高脂;高热量","风味餐厅二楼"
"干炒牛河(蛋)","540","12","16","12元","不辣","主食","咸鲜;豉香","中餐;主食","风味餐厅二楼"
"干炒牛河(肉)","620","18","21","14元","不辣","主食","咸鲜;豉香","中餐;主食;荤菜;高脂","风味餐厅二楼"
"炒饼(蛋炒)","560","13","18","12元","不辣","主食","咸鲜;家常","中餐;主食","风味餐厅二楼"
"炒饼(肉)","640","19","23","14元","不辣","主食","咸鲜;家常","中餐;主食;荤菜;高脂","风味餐厅二楼"
"培根(炒饼)","660","16","26","14元","不辣","主食","咸鲜;烟熏","中餐;主食;荤菜;高脂;高热量","风味餐厅二楼"
"培根(炒河粉)","640","15","24","14元","不辣","主食","咸鲜;烟熏","中餐;主食;荤菜;高脂","风味餐厅二楼"
"火腿(炒饼)","610","14","20","14元","不辣","主食","咸鲜","中餐;主食;荤菜;高脂","风味餐厅二楼"
"火腿(炒河粉)","590","13","18","14元","不辣","主食","咸鲜","中餐;主食;荤菜","风味餐厅二楼"
"芝麻酱拌面","480","12","16","9元","不辣","面食","麻酱香;咸鲜","中餐;面食;面条;拌面","风味餐厅二楼"
"骨汤面(大份)","510","14","12","9元","不辣","面食","咸鲜;骨香","中餐;汤品;面食;面条;汤面;汤粥","风味餐厅二楼"
"骨汤面(小份)","360","10","8","6元","不辣","面食","咸鲜;骨香","中餐;汤品;面食;面条;汤面;汤粥","风味餐厅二楼"
"重庆小面(大份)","490","11","15","9元","中辣","面食","麻辣;鲜香","中餐;面食;面条","风味餐厅二楼"
"重庆小面(小份)","340","8","10","6元","中辣","面食","麻辣;鲜香","中餐;面食;面条","风味餐厅二楼"
"臊子面(大份)","580","16","18","12元","微辣","面食","酸辣;咸鲜","中餐;面食;面条","风味餐厅二楼"
"臊子面(小份)","420","11","13","9元","微辣","面食","酸辣;咸鲜","中餐;面食;面条","风味餐厅二楼"
"碗杂肉酱小面(大份)","610","18","21","12元","中辣","面食","麻辣;酱香","中餐;面食;荤菜;面条;高脂","风味餐厅二楼"
"碗杂肉酱小面(小份)","440","13","15","9元","中辣","面食","麻辣;酱香","中餐;面食;荤菜;面条","风味餐厅二楼"
"笋尖小面","420","11","12","12元","自选","面食","咸鲜;脆嫩","中餐;面食;素菜;面条","风味餐厅二楼"
"油泼面(拌)","560","12","22","12元","中辣","面食","香辣;蒜香","中餐;面食;面条;高脂","风味餐厅二楼"
"鸡块小面","530","19","16","12元","自选","面食","咸鲜;鲜美","中餐;面食;小吃;荤菜;面条;炸鸡","风味餐厅二楼"
"三鲜骨汤小面","460","14","11","12元","自选","面食","清淡;鲜美","中餐;汤品;面食;面条;汤粥","风味餐厅二楼"
"叙府燃面(拌)","580","14","24","13元","中辣","面食","麻辣;油香","中餐;面食;面条;高脂","风味餐厅二楼"
"排骨面","590","22","20","15元","自选","面食","咸鲜;排骨香","中餐;面食;荤菜;面条;高蛋白;高脂","风味餐厅二楼"
"牛肉小面","560","21","16","15元","自选","面食","酱香;咸鲜","中餐;面食;荤菜;面条;高蛋白","风味餐厅二楼"
"肥肠小面","620","16","26","15元","自选","面食","肥鲜;浓郁","中餐;面食;荤菜;面条;高脂","风味餐厅二楼"
"羊肚尖面","510","20","12","16元","不辣","面食","咸鲜;脆嫩","中餐;面食;面条;高蛋白","风味餐厅二楼"
"肥牛面","580","22","19","17元","不辣","面食","鲜美;浓郁","中餐;面食;荤菜;面条;高蛋白","风味餐厅二楼"
"芝麻酱拌米粉","460","9","15","9元","不辣","米粉","麻酱香","中餐;米粉","风味餐厅二楼"
"原味米粉(大份)","440","10","6","9元","不辣","米粉","清淡;咸鲜","中餐;米粉;炒粉","风味餐厅二楼"
"原味米粉(小份)","310","7","4","6元","不辣","米粉","清淡;咸鲜","中餐;米粉;炒粉","风味餐厅二楼"
"酸辣米粉(大份)","460","10","10","9元","中辣","米粉","酸辣","中餐;米粉;炒粉","风味餐厅二楼"
"酸辣米粉(小份)","320","7","7","6元","中辣","米粉","酸辣","中餐;米粉;炒粉","风味餐厅二楼"
"笋尖米粉","400","9","9","12元","不辣","米粉","咸鲜;脆嫩","中餐;米粉;素菜","风味餐厅二楼"
"三鲜米粉","410","11","8","12元","不辣","米粉","清淡;鲜美","中餐;米粉","风味餐厅二楼"
"鸡块米粉(大份)","510","18","13","12元","不辣","米粉","鲜美","中餐;米粉;小吃;荤菜;炒粉;炸鸡","风味餐厅二楼"
"鸡块米粉(小份)","370","13","9","9元","不辣","米粉","鲜美","中餐;米粉;小吃;荤菜;炒粉;炸鸡","风味餐厅二楼"
"排骨米粉","540","20","16","15元","不辣","米粉","咸鲜","中餐;米粉;荤菜;高蛋白","风味餐厅二楼"
"秘汁肉酱米粉(大份)","560","15","18","12元","不辣","米粉","酱香;浓郁","中餐;米粉;荤菜;炒粉","风味餐厅二楼"
"秘汁肉酱米粉(小份)","400","11","13","9元","不辣","米粉","酱香;浓郁","中餐;米粉;荤菜;炒粉","风味餐厅二楼"
"牛肉米粉","510","19","13","15元","不辣","米粉","咸鲜","中餐;米粉;荤菜","风味餐厅二楼"
"肥肠米粉","570","14","22","15元","不辣","米粉","肥鲜","中餐;米粉;荤菜;高脂","风味餐厅二楼"
"肥牛米粉","530","20","15","17元","不辣","米粉","鲜美","中餐;米粉;荤菜;高蛋白","风味餐厅二楼"
"羊肚米粉","460","18","9","16元","不辣","米粉","咸鲜;脆嫩","中餐;米粉","风味餐厅二楼"
"卤蛋","80","7","5.5","2元","不辣","加料","五香","中餐;小吃;蛋类;加料;低热量","风味餐厅二楼"
"烤肠","160","6","13","2元","不辣","加料","咸鲜","中餐;小吃;加料;低热量","风味餐厅二楼"
"豆干","90","8","4.5","2元","不辣","加料","咸鲜","中餐;小吃;加料;低热量","风味餐厅二楼"
"笋尖","35","1.5","0.2","3元","不辣","加料","清咸","中餐;小吃;素菜;加料;低热量","风味餐厅二楼"
"鸡块","120","8","8","4元","不辣","加料","咸鲜","中餐;小吃;荤菜;炸鸡;加料;低热量","风味餐厅二楼"
"牛肉","110","14","5","6元","不辣","加料","咸鲜","中餐;小吃;荤菜;加料;低热量","风味餐厅二楼"
"肉沫酸菜面","450","15","12","13元","微辣","面食","酸辣咸鲜","中餐;面食;荤菜;素菜;面条","风味餐厅二楼"
"肥肠小面","520","18","22","16元","中辣","面食","麻辣浓郁","中餐;面食;荤菜;面条;高脂","风味餐厅二楼"
"大骨鲜肉粉","480","22","14","13元","不辣","米粉","鲜美清炖","中餐;米粉;荤菜;高蛋白","风味餐厅二楼"
"大骨鲜肉面","510","24","15","13元","不辣","面食","鲜美清炖","中餐;面食;荤菜;面条;高蛋白","风味餐厅二楼"
"米粉","320","6","2","9元","不辣","米粉","清淡","中餐;米粉","风味餐厅二楼"
"碗杂肉酱面","580","22","20","13元","微辣","面食","酱香浓郁","中餐;面食;荤菜;面条;高蛋白;高脂","风味餐厅二楼"
"武汉肉酱热干面","620","20","25","13元","微辣","面食","芝麻酱香","中餐;面食;荤菜;面条;拌面;高蛋白;高脂","风味餐厅二楼"
"称重自助餐","250","12","14","19.8元/斤","是","荤素搭配","酱香咸鲜","中餐;自选;荤菜;素菜","风味餐厅三楼"
"金汤鱼片","280","22","12","16元","是","荤菜","酸辣鲜香","中餐;汤品;荤菜;素菜;汤粥;高蛋白","风味餐厅三楼"
"番茄鱼片","240","22","6","16元","否","荤菜","酸甜鲜美","中餐;荤菜;素菜;高蛋白","风味餐厅三楼"
"酸菜鱼片","260","21","10","16元","是","荤菜","酸辣开胃","中餐;荤菜;素菜;高蛋白","风味餐厅三楼"
"麻辣鱼片","310","21","16","16元","是","荤菜","麻辣浓郁","中餐;荤菜;素菜;高蛋白","风味餐厅三楼"
"麻辣涮肉","420","18","32","16元","是","荤菜","麻辣鲜香","中餐;荤菜;素菜;火锅;高脂","风味餐厅三楼"
"金汤涮肉","380","19","26","16元","是","荤菜","酸辣浓郁","中餐;汤品;荤菜;素菜;汤粥;火锅;高脂","风味餐厅三楼"
"酸菜涮肉","360","19","24","16元","是","荤菜","酸辣爽口","中餐;荤菜;素菜;火锅;高脂","风味餐厅三楼"
"航语佳烤盘饭（烧烤味）","450","18","16","9.9元/三两起","否","荤素搭配","烧烤风味","中餐;主食;自选;荤菜;素菜","风味餐厅三楼"
"航语佳烤盘饭（香辣味）","460","18","18","9.9元/三两起","是","荤素搭配","香辣浓郁","中餐;主食;自选;荤菜;素菜","风味餐厅三楼"
"航语佳烤盘饭（椒麻味）","455","18","17","9.9元/三两起","是","荤素搭配","椒麻鲜香","中餐;主食;自选;荤菜;素菜","风味餐厅三楼"
"航语佳烤盘饭（酱香味）","440","18","15","9.9元/三带起","否","荤素搭配","酱香咸甜","中餐;主食;自选;荤菜;素菜","风味餐厅三楼"
"航语佳烤盘饭（荔枝味）","435","18","14","9.9元/三两起","否","荤素搭配","荔枝甜酸","中餐;饮品;主食;自选;果茶;普通能量","风味餐厅三楼"
"招牌白斩鸡饭","520","28","14","16元/份","否","荤素搭配","鲜嫩清淡","中餐;主食;自选;荤菜;素菜;高蛋白","风味餐厅三楼"
"海南烧鸡饭","550","26","18","16元/份","否","荤素搭配","皮脆咸香","中餐;主食;自选;荤菜;素菜;高蛋白","风味餐厅三楼"
"柠檬鸡饭","540","25","15","16元/份","否","荤素搭配","酸甜开胃","中餐;主食;自选;荤菜;素菜;高蛋白","风味餐厅三楼"
"金牌烤肉饭","620","22","24","15元/份","否","荤素搭配","酱香浓郁","中餐;主食;自选;荤菜;素菜;烤肉饭;高蛋白;高脂","风味餐厅三楼"
"新式口水鸡饭","560","27","19","16元/份","是","荤素搭配","麻辣鲜香","中餐;主食;自选;荤菜;素菜;高蛋白","风味餐厅三楼"
"蜜汁豆腐饭","420","15","10","13元/份","否","荤素搭配","蜜汁甜香","中餐;主食;自选;荤菜;素菜","风味餐厅三楼"
"黑椒鸭腿饭","580","24","22","14元/份","是","荤素搭配","黑椒浓郁","中餐;主食;自选;荤菜;素菜;高蛋白;高脂","风味餐厅三楼"
"香烤上腿饭","590","26","20","16元/份","否","荤素搭配","咸香焦脆","中餐;主食;自选;荤菜;素菜;高蛋白;高脂","风味餐厅三楼"
"沙拉鸡饭","560","23","18","16元/份","否","荤素搭配","沙拉甜润","中餐;主食;自选;荤菜;素菜;高蛋白","风味餐厅三楼"
"黑椒猪扒饭","610","25","23","18元/份","是","荤素搭配","黑椒辛辣","中餐;主食;自选;荤菜;素菜;扒饭;高蛋白;高脂","风味餐厅三楼"
"鸡排豆腐饭","530","20","16","17元/份","否","荤素搭配","咸鲜入味","中餐;主食;自选;荤菜;素菜;炸鸡;高蛋白","风味餐厅三楼"
"白斩鸡肉（单点）","220","24","10","11元/份","否","荤菜","鲜嫩原味","中餐;小吃;荤菜;素菜;加料;高蛋白;低热量","风味餐厅三楼"
"口水鸡肉（单点）","260","23","15","11元/份","是","荤菜","麻辣鲜美","中餐;小吃;荤菜;素菜;加料;高蛋白","风味餐厅三楼"
"烧鸡肉（单点）","250","22","14","12元/份","否","荤菜","咸香油润","中餐;小吃;荤菜;素菜;加料;高蛋白","风味餐厅三楼"
"鸡排（单点）","280","18","16","11元/份","否","荤菜","焦脆可口","中餐;小吃;荤菜;素菜;炸鸡;加料","风味餐厅三楼"
"上腿肉（单点）","270","21","17","10元/份","否","荤菜","滑嫩多汁","中餐;小吃;荤菜;素菜;加料;高蛋白","风味餐厅三楼"
"烤肉（单点）","310","18","22","11元/份","否","荤菜","酱香四溢","中餐;小吃;荤菜;素菜;加料;高脂","风味餐厅三楼"
"蜜汁豆腐","160","10","6","9元/份","否","素菜","甜咸适口","中餐;素菜;低热量","风味餐厅三楼"
"卤猪脚饭","680","28","38","18元","否","荤素搭配","卤香浓郁","中餐;主食;自选;荤菜;素菜;高蛋白;高脂;高热量","风味餐厅三楼"
"卤金牌肘子饭","650","26","35","18元","否","荤素搭配","肥而不腻","中餐;主食;自选;荤菜;素菜;高蛋白;高脂;高热量","风味餐厅三楼"
"鲜笋烧鸭饭","560","22","24","15元","否","荤素搭配","咸鲜爽脆","中餐;主食;自选;荤菜;素菜;高蛋白;高脂","风味餐厅三楼"
"手撕鸡饭","510","28","12","16元","否","荤素搭配","皮脆肉嫩","中餐;主食;自选;荤菜;素菜;高蛋白","风味餐厅三楼"
"乡炒肉饭","580","20","26","15元","是","荤素搭配","香辣咸鲜","中餐;主食;自选;荤菜;素菜;高蛋白;高脂","风味餐厅三楼"
"肉沫下饭菜","490","16","22","13元","是","荤素搭配","酸辣入味","中餐;主食;自选;荤菜;素菜;高脂","风味餐厅三楼"
"尖椒肉丝饭","530","22","20","14元","是","荤素搭配","劲辣干香","中餐;主食;自选;荤菜;素菜;高蛋白;高脂","风味餐厅三楼"
"川味水煮肉片饭","620","24","28","15元","是","荤素搭配","麻辣鲜烫","中餐;主食;自选;荤菜;素菜;高蛋白;高脂","风味餐厅三楼"
"美美可乐鸡饭","540","23","14","15元","否","荤素搭配","甜咸交织","中餐;饮品;主食;自选;饮料;高蛋白;普通能量","风味餐厅三楼"
"孜然鸡丁饭","520","24","15","15元","否","荤素搭配","孜然浓郁","中餐;主食;自选;荤菜;素菜;高蛋白","风味餐厅三楼"
"老干妈回锅肉饭","660","20","38","15元","是","荤素搭配","豉香咸辣","中餐;主食;自选;荤菜;素菜;高蛋白;高脂;高热量","风味餐厅三楼"
"干锅辣子鸡饭","580","25","24","15元","是","荤素搭配","麻辣干香","中餐;主食;自选;荤菜;素菜;干锅;高蛋白;高脂","风味餐厅三楼"
"蛋炒肉饭","550","18","18","14元","否","荤素搭配","蛋香咸鲜","中餐;主食;自选;荤菜;素菜","风味餐厅三楼"
"白斩鸡饭","510","28","12","15元","否","荤素搭配","鲜嫩清淡","中餐;主食;自选;荤菜;素菜;高蛋白","风味餐厅三楼"
"加肉","180","12","14","6元","否","加料","咸香","中餐;小吃;荤菜;加料;低热量","风味餐厅三楼"
"加蔬菜","45","1","2","3元","否","加料","清淡","中餐;小吃;素菜;加料;低热量","风味餐厅三楼"
"加鸡腿","160","14","10","3.5元/个","否","加料","卤香","中餐;小吃;荤菜;加料;低热量","风味餐厅三楼"
"石锅土豆条","420","6","14","12元","否","素菜","咸香软烂","中餐;素菜","风味餐厅三楼"
"石锅肉沫豆腐","380","16","22","12元","是","荤素搭配","酱香微辣","中餐;自选;荤菜;素菜;高脂","风味餐厅三楼"
"石锅焖面","460","12","10","12元","否","主食","咸鲜入味","中餐;主食;面食","风味餐厅三楼"
"石锅肉沫茄子","410","8","28","13元","否","荤素搭配","油润酱香","中餐;自选;荤菜;素菜;高脂","风味餐厅三楼"
"石锅肉沫鸡蛋","450","18","24","14元","否","荤素搭配","鲜香滑嫩","中餐;自选;蛋类;荤菜;素菜;高脂","风味餐厅三楼"
"石锅烤五花饭","680","22","38","16元","否","荤素搭配","焦香油润","中餐;主食;自选;荤菜;素菜;石锅饭;高蛋白;高脂;高热量","风味餐厅三楼"
"石锅水煮鸡片","520","28","16","16元","是","荤素搭配","麻辣鲜烫","中餐;自选;荤菜;素菜;高蛋白","风味餐厅三楼"
"石锅小鲜肉饭","580","20","24","16元","否","荤素搭配","咸鲜滑嫩","中餐;主食;自选;荤菜;素菜;石锅饭;高蛋白;高脂","风味餐厅三楼"
"石锅三样","540","18","20","14元","否","荤素搭配","酱香浓郁","中餐;自选;荤菜;素菜;高脂","风味餐厅三楼"
"石锅香菇焖鸡饭","560","26","18","16元","否","荤素搭配","鲜美浓郁","中餐;主食;自选;荤菜;素菜;石锅饭;高蛋白","风味餐厅三楼"
"石锅雪花鸡柳饭","610","22","22","16元","否","荤素搭配","酥脆咸香","中餐;主食;自选;荤菜;素菜;石锅饭;高蛋白;高脂","风味餐厅三楼"
"石锅红烧肉饭","690","20","42","16元","否","荤素搭配","咸甜浓郁","中餐;主食;自选;荤菜;素菜;烤肉饭;石锅饭;高蛋白;高脂;高热量","风味餐厅三楼"
"石锅香酥鸡饭","620","23","24","16元","否","荤素搭配","外酥里嫩","中餐;主食;自选;荤菜;素菜;石锅饭;高蛋白;高脂","风味餐厅三楼"
"石锅鱼","480","26","15","17元","是","荤素搭配","鲜辣开胃","中餐;自选;荤菜;素菜;高蛋白","风味餐厅三楼"
"石锅酸菜鱼","460","25","14","17元","是","荤素搭配","酸辣开胃","中餐;自选;荤菜;素菜;高蛋白","风味餐厅三楼"
"石锅小酥肉","580","18","26","16元","否","荤素搭配","酥脆咸香","中餐;自选;荤菜;素菜;高脂","风味餐厅三楼"
"石锅酸菜白肉","550","20","28","16元","是","荤素搭配","酸辣解腻","中餐;自选;荤菜;素菜;高蛋白;高脂","风味餐厅三楼"
"石锅肉片","530","22","22","16元","否","荤素搭配","酱香咸鲜","中餐;自选;荤菜;素菜;高蛋白;高脂","风味餐厅三楼"
"石锅加肉","180","12","14","6元","否","加料","咸香","中餐;小吃;荤菜;加料;低热量","风味餐厅三楼"
"石锅加菜","45","1","2","3元","否","加料","清淡","中餐;小吃;素菜;加料;低热量","风味餐厅三楼"
"鱼豆腐米粉","380","8","6","9元","否","主食","咸鲜清淡","中餐;主食;米粉;素菜","风味餐厅三楼"
"酸菜肉沫米粉","450","12","14","12元","是","主食","酸辣咸香","中餐;主食;米粉;荤菜;素菜","风味餐厅三楼"
"干拌米粉","420","10","12","12元","是","主食","香辣酱香","中餐;主食;米粉","风味餐厅三楼"
"鸡块米粉","480","18","10","13元","否","主食","鲜美咸香","中餐;主食;米粉;小吃;荤菜;炸鸡","风味餐厅三楼"
"猪肉米粉","490","16","15","13元","否","主食","咸鲜油润","中餐;主食;米粉;荤菜","风味餐厅三楼"
"排骨米粉","520","19","18","14元","否","主食","排骨浓郁","中餐;主食;米粉;荤菜","风味餐厅三楼"
"牛肉米粉","460","20","9","15元","否","主食","牛肉鲜香","中餐;主食;米粉;荤菜;高蛋白","风味餐厅三楼"
"手工猪肉大葱水饺(小份)","480","18","16","12元/15个","否","主食","猪肉葱香","中餐;主食;面食;荤菜;饺子","风味餐厅三楼"
"手工猪肉大葱水饺(大份)","640","24","21","15元/20个","否","主食","猪肉葱香","中餐;主食;面食;荤菜;饺子;高蛋白;高脂","风味餐厅三楼"
"手工牛肉大葱水饺(小份)","450","22","12","12元/15个","否","主食","牛肉葱香","中餐;主食;面食;荤菜;饺子;高蛋白","风味餐厅三楼"
"手工牛肉大葱水饺(大份)","600","29","16","15元/20个","否","主食","牛肉葱香","中餐;主食;面食;荤菜;饺子;高蛋白","风味餐厅三楼"
"手工韭菜鸡蛋水饺(小份)","390","14","11","12元/15个","否","主食","韭香鲜美","中餐;主食;面食;蛋类;素菜;饺子","风味餐厅三楼"
"手工韭菜鸡蛋水饺(大份)","520","19","15","15元/20个","否","主食","韭香鲜美","中餐;主食;面食;蛋类;素菜;饺子","风味餐厅三楼"
"虎皮卤蛋","85","7","6","1.5元/个","否","加料","卤香入味","中餐;小吃;蛋类;加料;低热量","风味餐厅三楼"
"鱼豆腐小面","410","10","8","9元","否","主食","咸鲜清淡","中餐;主食;面食;素菜;面条","风味餐厅三楼"
"酸菜小面","380","8","6","9元","是","主食","酸辣开胃","中餐;主食;面食;素菜;面条","风味餐厅三楼"
"西红柿鸡蛋面","420","12","9","9元","否","主食","酸甜鲜美","中餐;主食;面食;蛋类","风味餐厅三楼"
"重庆小面","440","9","14","12元","是","主食","麻辣浓郁","中餐;主食;面食;面条","风味餐厅三楼"
"担担面","460","11","16","12元","是","主食","咸鲜麻辣","中餐;主食;面食","风味餐厅三楼"
"豌豆肉沫面","490","14","15","12元","是","主食","鲜香软糯","中餐;主食;面食;荤菜","风味餐厅三楼"
"宜宾燃面","510","12","18","12元","是","主食","油香干辣","中餐;主食;面食","风味餐厅三楼"
"酸菜肉沫面","480","13","14","12元","是","主食","酸辣咸香","中餐;主食;面食;荤菜;素菜","风味餐厅三楼"
"鸡块小面","500","19","11","13元","否","主食","鲜美咸香","中餐;主食;面食;小吃;荤菜;面条;炸鸡","风味餐厅三楼"
"猪肉小面","510","17","16","13元","否","主食","咸鲜油润","中餐;主食;面食;荤菜;面条","风味餐厅三楼"
"排骨小面","540","20","19","14元","否","主食","排骨浓郁","中餐;主食;面食;荤菜;面条;高蛋白","风味餐厅三楼"
"牛肉小面","480","21","10","15元","否","主食","牛肉鲜香","中餐;主食;面食;荤菜;面条;高蛋白","风味餐厅三楼"
"香辣油泼面","550","12","18","12.5元","中辣","面食","香辣","中餐;面食;面条","风味餐厅四楼"
"麻酱火鸡面","620","14","22","13元","特辣","面食","麻酱香辣","中餐;面食;面条;高脂","风味餐厅四楼"
"金汤肥牛面","580","22","20","16元","微辣","面食","酸辣金汤","中餐;汤品;面食;荤菜;面条;汤粥;高蛋白;高脂","风味餐厅四楼"
"秘制肥牛拌饭","650","24","22","16元","不辣","酱香","咸鲜酱香","中餐;主食;荤菜;拌饭;高蛋白;高脂;高热量","风味餐厅四楼"
"糖醋鸡贝贝拌饭","620","20","16","15元","不辣","米饭","酸甜","中餐;主食;拌饭;高蛋白","风味餐厅四楼"
"鸡贝贝肥牛双拼饭","680","26","24","16元","不辣","米饭","咸鲜","中餐;主食;自选;荤菜;高蛋白;高脂;高热量","风味餐厅四楼"
"经典肉片锅","520","25","28","22元","微辣","火锅/干锅","咸鲜","中餐;荤菜;干锅;火锅;高蛋白;高脂","风味餐厅四楼"
"香辣鸡肉煲","480","28","16","22元","中辣","砂锅/煲类","香辣","中餐;汤品;荤菜;汤粥;高蛋白","风味餐厅四楼"
"金汤肥牛锅","560","24","22","22元","微辣","火锅/干锅","酸辣金汤","中餐;汤品;荤菜;汤粥;干锅;火锅;高蛋白;高脂","风味餐厅四楼"
"卤味鸭腿煲","450","26","18","22元","不辣","砂锅/煲类","卤香","中餐;汤品;荤菜;汤粥;高蛋白","风味餐厅四楼"
"水煮无骨鱼","420","28","20","22元","重辣","川菜","麻辣","中餐;素菜;高蛋白;高脂","风味餐厅四楼"
"经典酥肉煲","580","18","32","22元","不辣","砂锅/煲类","咸鲜","中餐;汤品;荤菜;汤粥;高脂","风味餐厅四楼"
"武汉红油热干面(小份)","520","11","16","9元","微辣","面食","香辣酱香","中餐;面食;面条;拌面","风味餐厅四楼"
"武汉红油热干面(大份)","780","16","24","13元","微辣","面食","香辣酱香","中餐;面食;面条;拌面;高脂;高热量","风味餐厅四楼"
"热干面拌鸡柳","680","22","20","13元","微辣","面食","香辣酱香","中餐;面食;荤菜;面条;拌面;高蛋白;高脂;高热量","风味餐厅四楼"
"热干面拌鸡块","710","21","23","13元","微辣","面食","香辣酱香","中餐;面食;小吃;荤菜;面条;拌面;炸鸡;高蛋白;高脂;高热量","风味餐厅四楼"
"热干面拌肉片","660","23","19","13元","微辣","面食","香辣酱香","中餐;面食;荤菜;面条;拌面;高蛋白;高热量","风味餐厅四楼"
"热干面拌巴沙鱼","610","24","15","13元","微辣","面食","香辣酱香","中餐;面食;荤菜;面条;拌面;高蛋白","风味餐厅四楼"
"热干面拌肥牛","720","25","24","14元","微辣","面食","香辣酱香","中餐;面食;荤菜;面条;拌面;高蛋白;高脂;高热量","风味餐厅四楼"
"茄皇鱼豆腐面","480","14","12","12元","不辣","面食","茄汁咸鲜","中餐;面食;素菜;面条","风味餐厅四楼"
"肥牛火锅面","620","24","22","13元","中辣","面食","麻辣咸鲜","中餐;面食;荤菜;面条;汤面;火锅;高蛋白;高脂","风味餐厅四楼"
"香辣什锦丸子面","540","15","16","13元","中辣","面食","香辣","中餐;面食;面条","风味餐厅四楼"
"老坛酸菜滑肉面","560","22","15","14元","微辣","面食","酸辣咸鲜","中餐;面食;荤菜;素菜;面条;高蛋白","风味餐厅四楼"
"茄皇炸蛋肥牛面","750","26","32","16元","不辣","面食","茄汁浓郁","中餐;面食;蛋类;荤菜;面条;高蛋白;高脂;高热量","风味餐厅四楼"
"单加-鸭腿","180","16","12","8元","不辣","加料","卤香","中餐;小吃;荤菜;加料;低热量","风味餐厅四楼"
"单加-肥牛","140","9","11","5元","不辣","加料","鲜美","中餐;小吃;荤菜;加料;低热量","风味餐厅四楼"
"单加-炸蛋","160","7","14","4元","不辣","加料","蛋香","中餐;小吃;蛋类;加料;低热量","风味餐厅四楼"
"单加-炸鸡块","150","8","11","5元","不辣","加料","焦香","中餐;小吃;荤菜;炸鸡;加料;低热量","风味餐厅四楼"
"单加-肉肠","140","6","12","4元","不辣","加料","咸香","中餐;小吃;荤菜;加料;低热量","风味餐厅四楼"
"单加-鸡柳","120","9","7","5元","不辣","加料","鲜香","中餐;小吃;荤菜;加料;低热量","风味餐厅四楼"
"单加-卤蛋","80","7","5","2元","不辣","加料","卤香","中餐;小吃;蛋类;加料;低热量","风味餐厅四楼"
"单加-肉片","110","11","7","5元","不辣","加料","鲜嫩","中餐;小吃;荤菜;加料;低热量","风味餐厅四楼"
"免费绿豆汤","40","1","0.1","免费","不辣","汤品","清甜","中餐;汤品;素菜;汤粥;低热量","风味餐厅四楼"
"水煮金针菇肥牛","580","22","24","16元","中辣","川菜","麻辣鲜香","中餐;荤菜;素菜;高蛋白;高脂","风味餐厅四楼"
"水煮巴沙鱼","420","26","16","15元","中辣","川菜","麻辣鲜嫩","中餐;荤菜;素菜;高蛋白","风味餐厅四楼"
"水煮肉片","550","24","22","15元","中辣","川菜","麻辣浓郁","中餐;荤菜;素菜;高蛋白;高脂","风味餐厅四楼"
"水煮酥肉","610","18","34","15元","中辣","川菜","麻辣焦香","中餐;荤菜;素菜;高脂","风味餐厅四楼"
"水煮鸡块","490","25","18","15元","中辣","川菜","麻辣咸鲜","中餐;小吃;荤菜;素菜;炸鸡;高蛋白","风味餐厅四楼"
"水煮酸汤肥牛饭","650","23","24","16元","微辣","米饭套餐","酸辣金汤","中餐;汤品;主食;荤菜;汤粥;套餐;高蛋白;高脂;高热量","风味餐厅四楼"
"水煮番茄鸡饭","580","26","14","15元","不辣","米饭套餐","番茄浓郁","中餐;主食;素菜;套餐;高蛋白","风味餐厅四楼"
"水煮酸菜鱼饭","520","25","16","15元","微辣","米饭套餐","酸辣鲜美","中餐;主食;荤菜;素菜;套餐;高蛋白","风味餐厅四楼"
"水煮鸭腿饭","620","24","22","15元","中辣","米饭套餐","麻辣咸香","中餐;主食;荤菜;套餐;高蛋白;高脂","风味餐厅四楼"
"重庆毛血旺","560","20","28","15元","重辣","川菜","麻辣红油","中餐;荤菜;素菜;高蛋白;高脂","风味餐厅四楼"
"水煮加方便面","320","6","12","2元/份","中辣","加料","麻辣吸汁","中餐;面食;小吃;加料","风味餐厅四楼"
"免费绿豆汤","40","1","0.1","免费","不辣","汤品","清甜","中餐;汤品;素菜;汤粥;低热量","风味餐厅四楼"
"水煮巴沙鱼","420","26","16","15元","中辣","川菜","麻辣鲜嫩","中餐;荤菜;素菜;高蛋白","风味餐厅四楼"
"水煮鱼片","440","24","15","15元","中辣","川菜","麻辣鲜美","中餐;荤菜;素菜;高蛋白","风味餐厅四楼"
"水煮肉片","550","24","22","15元","中辣","川菜","麻辣浓郁","中餐;荤菜;素菜;高蛋白;高脂","风味餐厅四楼"
"水煮鸡块","490","25","18","15元","中辣","川菜","麻辣咸鲜","中餐;小吃;荤菜;素菜;炸鸡;高蛋白","风味餐厅四楼"
"水煮金针菇肥牛","580","22","24","16元","中辣","川菜","麻辣鲜香","中餐;荤菜;素菜;高蛋白;高脂","风味餐厅四楼"
"水煮牛肉丸","510","18","20","13.5元","中辣","川菜","麻辣弹牙","中餐;荤菜;素菜;高脂","风味餐厅四楼"
"水煮培根","560","16","28","13.5元","中辣","川菜","麻辣熏香","中餐;荤菜;素菜;高脂","风味餐厅四楼"
"水煮鱼丸","460","14","16","13.5元","中辣","川菜","麻辣鲜嫩","中餐;荤菜;素菜","风味餐厅四楼"
"水煮鱼豆腐","480","12","18","13.5元","中辣","川菜","麻辣软糯","中餐;素菜","风味餐厅四楼"
"重庆毛血旺","560","20","28","15元","重辣","川菜","麻辣红油","中餐;荤菜;素菜;高蛋白;高脂","风味餐厅四楼"
"水煮冒菜","380","10","14","12元","中辣","川菜","麻辣鲜香","中餐;素菜","风味餐厅四楼"
"豆花鸡","520","28","14","16.8元","微辣","豆花饭","鲜辣香嫩","中餐;主食;素菜;拌饭;高蛋白","风味餐厅四楼"
"豆花肥牛","580","24","22","16.8元","微辣","豆花饭","麻辣鲜香","中餐;主食;荤菜;素菜;拌饭;高蛋白;高脂","风味餐厅四楼"
"豆花酥肉","610","18","32","15.8元","微辣","豆花饭","香辣焦香","中餐;主食;荤菜;素菜;拌饭;高脂","风味餐厅四楼"
"豆花肉片","540","25","18","16.8元","微辣","豆花饭","滑嫩香辣","中餐;主食;荤菜;素菜;拌饭;高蛋白","风味餐厅四楼"
"武汉黑鸭煲","480","26","16","16元","中辣","砂锅/煲类","酱香黑鸭","中餐;汤品;荤菜;汤粥;高蛋白","风味餐厅四楼"
"牛肉大葱水饺","420","22","12","14元","不辣","手工水饺","鲜美大葱","中餐;面食;荤菜;饺子;高蛋白","风味餐厅四楼"
"牛肉香菇水饺","430","23","13","15元","不辣","手工水饺","香菇浓郁","中餐;面食;荤菜;素菜;饺子;高蛋白","风味餐厅四楼"
"牛肉芹菜水饺","410","22","11","15元","不辣","手工水饺","清爽芹菜","中餐;面食;荤菜;素菜;饺子;高蛋白","风味餐厅四楼"
"牛肉云吞","350","16","8","10元","不辣","面食汤品","鲜美清汤","中餐;汤品;面食;荤菜;面条;汤面;汤粥","风味餐厅四楼"
"青梅煮酒鸡饭","560","25","12","15.8元","不辣","炙烤烧肉饭","青梅微酸酒香","中餐;主食;荤菜;烤肉饭;高蛋白","风味餐厅四楼"
"青梅煮酒肥牛饭","650","22","24","15.8元","不辣","炙烤烧肉饭","青梅微酸酒香","中餐;主食;荤菜;烤肉饭;高蛋白;高脂;高热量","风味餐厅四楼"
"炙烤黑胶肥牛饭","680","23","26","15.8元","微辣","炙烤烧肉饭","黑椒咸香","中餐;主食;荤菜;烤肉饭;高蛋白;高脂;高热量","风味餐厅四楼"
"炙烤甜辣肥牛饭","690","22","25","15.8元","微辣","炙烤烧肉饭","甜辣浓郁","中餐;主食;荤菜;烤肉饭;高蛋白;高脂;高热量","风味餐厅四楼"
"炙烤酸菜肥牛饭","640","23","22","15.8元","微辣","炙烤烧肉饭","酸辣开胃","中餐;主食;荤菜;素菜;烤肉饭;高蛋白;高脂","风味餐厅四楼"
"炙烤泡菜肥牛饭","660","23","23","16.8元","微辣","炙烤烧肉饭","韩式酸辣","中餐;主食;荤菜;素菜;烤肉饭;高蛋白;高脂;高热量","风味餐厅四楼"
"传统脆皮鸡饭","680","26","28","14.8元","不辣","炙烤烧肉饭","外酥里嫩咸香","中餐;主食;荤菜;烤肉饭;脆皮鸡饭;高蛋白;高脂;高热量","风味餐厅四楼"
"传统烤肉饭","620","24","20","14.8元","不辣","炙烤烧肉饭","酱香炙烤","中餐;主食;荤菜;烤肉饭;高蛋白;高脂","风味餐厅四楼"
"传统双拼饭","690","26","25","15.8元","不辣","炙烤烧肉饭","双重酱香","中餐;主食;自选;荤菜;烤肉饭;高蛋白;高脂;高热量","风味餐厅四楼"
"甜辣鸡肉饭","590","26","14","15.8元","微辣","炙烤烧肉饭","甜辣鲜嫩","中餐;主食;荤菜;烤肉饭;高蛋白","风味餐厅四楼"
"黑椒嫩肉饭","580","25","16","16.8元","微辣","炙烤烧肉饭","黑椒滑嫩","中餐;主食;荤菜;烤肉饭;高蛋白","风味餐厅四楼"
"三杯鸡拌饭","610","27","18","16.8元","不辣","炙烤烧肉饭","罗勒酱香","中餐;主食;荤菜;拌饭;烤肉饭;高蛋白","风味餐厅四楼"
"肥牛米粉","540","20","18","15元","微辣","米粉","鲜美开胃","中餐;米粉;荤菜;高蛋白","风味餐厅四楼"
"肥牛土豆粉","560","20","19","15元","微辣","土豆粉","鲜美开胃","中餐;米粉;荤菜;素菜;土豆粉;高蛋白","风味餐厅四楼"
"酥肉米粉","580","15","26","15元","微辣","米粉","焦香浓郁","中餐;米粉;荤菜;高脂","风味餐厅四楼"
"酥肉土豆粉","600","15","27","15元","微辣","土豆粉","焦香浓郁","中餐;米粉;荤菜;素菜;土豆粉;高脂","风味餐厅四楼"
"巴沙鱼米粉","450","22","12","15元","微辣","米粉","鲜嫩清爽","中餐;米粉;荤菜;高蛋白","风味餐厅四楼"
"巴沙鱼土豆粉","470","22","13","15元","微辣","土豆粉","鲜嫩清爽","中餐;米粉;荤菜;素菜;土豆粉;高蛋白","风味餐厅四楼"
"丸子米粉","480","14","15","13元","微辣","米粉","咸鲜Q弹","中餐;米粉","风味餐厅四楼"
"丸子土豆粉","500","14","16","13元","微辣","土豆粉","咸鲜Q弹","中餐;米粉;素菜;土豆粉","风味餐厅四楼"
"时蔬米粉","360","6","4","11元","微辣","米粉","清爽解腻","中餐;米粉;素菜","风味餐厅四楼"
"时蔬土豆粉","380","6","5","11元","微辣","土豆粉","清爽解腻","中餐;米粉;素菜;土豆粉","风味餐厅四楼"
"黄焖鸡米饭","620","28","18","15元","微辣","黄焖系列","酱香浓郁","中餐;主食;高蛋白","风味餐厅四楼"
"黄焖梅花骨","650","26","24","18元","微辣","黄焖系列","酱香浓郁","中餐;高蛋白;高脂;高热量","风味餐厅四楼"
"黄焖小酥肉","680","18","34","15元","微辣","黄焖系列","酱香酥嫩","中餐;荤菜;高脂;高热量","风味餐厅四楼"
"黄焖巴沙鱼","510","24","14","15元","微辣","黄焖系列","酱香鲜嫩","中餐;荤菜;高蛋白","风味餐厅四楼"
"鱼豆腐肥牛","640","22","25","15元","微辣","黄焖系列","咸鲜酱香","中餐;荤菜;素菜;高蛋白;高脂","风味餐厅四楼"
"娃娃菜肥牛","580","21","22","15元","微辣","黄焖系列","咸鲜解腻","中餐;荤菜;素菜;高蛋白;高脂","风味餐厅四楼"
"黄焖鸡柳","590","25","16","15元","微辣","黄焖系列","酱香滑嫩","中餐;荤菜;高蛋白","风味餐厅四楼"
"金针菇肥牛","570","21","23","14元","微辣","黄焖系列","咸鲜开胃","中餐;荤菜;素菜;高蛋白;高脂","风味餐厅四楼"
"土豆片肥牛","630","20","22","13元","微辣","黄焖系列","酱香软糯","中餐;荤菜;素菜;高蛋白;高脂","风味餐厅四楼"
"茄子加肥牛","610","19","25","13元","微辣","黄焖系列","油润酱香","中餐;荤菜;素菜;高脂","风味餐厅四楼"
"老北京烤鸭套餐","720","28","34","18.8元","不辣","套餐","酱香油润","中餐;主食;荤菜;套餐;高蛋白;高脂;高热量","风味餐厅四楼"
"烤鸭架","380","18","22","6元","不辣","单点","焦香咸鲜","中餐;小吃;荤菜;加料;高脂","风味餐厅四楼"
"鲍汁招牌鸡","320","25","12","16元","可选择","荤菜","咸鲜/酱香/微辣/辣","中餐;荤菜;素菜;高蛋白","风味餐厅四楼"
"鲍汁金牌鱼","280","22","8","16元","可选择","荤菜","咸鲜/酱香/微辣/辣","中餐;荤菜;素菜;高蛋白","风味餐厅四楼"
"鲍汁秘制牛柳","310","24","10","16元","可选择","荤菜","咸鲜/酱香/微辣/辣","中餐;荤菜;素菜;高蛋白","风味餐厅四楼"
"鲍汁鸡米花","420","18","22","16元","可选择","荤菜","咸鲜/酱香/微辣/辣","中餐;小吃;荤菜;素菜;炸鸡;高脂","风味餐厅四楼"
"鲍汁秘制肥牛","380","20","25","16元","可选择","荤菜","咸鲜/酱香/微辣/辣","中餐;荤菜;素菜;高蛋白;高脂","风味餐厅四楼"
"鲍汁乌冬面","350","8","4","14元","可选择","主食","咸鲜/酱香/微辣/辣","中餐;主食;面食","风味餐厅四楼"
"鲍汁小酥肉","450","15","28","16元","可选择","荤菜","咸鲜/酱香/微辣/辣","中餐;荤菜;素菜;高脂","风味餐厅四楼"
"鲍汁鱼豆腐","210","12","9","13元","可选择","素菜","咸鲜/酱香/微辣/辣","中餐;素菜;低热量","风味餐厅四楼"
"脆皮雪鱼排饭","580","22","18","17.8元","不辣","主食","鲜美","中餐;主食;高蛋白","风味餐厅四楼"
"黑椒脆皮鸡排咔滋脆饭","620","25","22","17.8元","微辣","主食","黑椒味","中餐;主食;荤菜;脆皮鸡饭;炸鸡;高蛋白;高脂","风味餐厅四楼"
"千岛脆皮鸡排咔滋脆饭","650","24","26","17.8元","不辣","主食","千岛酱味","中餐;主食;荤菜;脆皮鸡饭;炸鸡;高蛋白;高脂;高热量","风味餐厅四楼"
"照烧脆皮鸡排咔滋脆饭","610","25","20","17.8元","不辣","主食","照烧味","中餐;主食;荤菜;脆皮鸡饭;炸鸡;高蛋白;高脂","风味餐厅四楼"
"沙拉脆皮鸡排咔滋脆饭","640","24","25","17.8元","不辣","主食","沙拉酱味","中餐;主食;荤菜;脆皮鸡饭;炸鸡;高蛋白;高脂","风味餐厅四楼"
"番茄脆皮鸡排咔滋脆饭","600","24","20","17.8元","不辣","主食","酸甜番茄味","中餐;主食;荤菜;素菜;脆皮鸡饭;炸鸡;高蛋白;高脂","风味餐厅四楼"
"咖喱脆皮鸡排咔滋脆饭","630","25","21","17.8元","微辣","主食","咖喱味","中餐;主食;荤菜;脆皮鸡饭;炸鸡;高蛋白;高脂","风味餐厅四楼"
"甜辣脆皮鸡排咔滋脆饭","620","24","20","17.8元","微辣","主食","甜辣味","中餐;主食;荤菜;脆皮鸡饭;炸鸡;高蛋白;高脂","风味餐厅四楼"
"蜂蜜芥末脆皮鸡排咔滋脆饭","640","24","24","17.8元","不辣","主食","蜂蜜芥末味","中餐;主食;荤菜;脆皮鸡饭;炸鸡;高蛋白;高脂","风味餐厅四楼"
"单加烤肠","150","5","12","2元","不辣","小吃","咸香","中餐;小吃;加料;低热量","风味餐厅四楼"
"单加鸡排","320","18","16","8元","不辣","小吃","咸香","中餐;小吃;荤菜;炸鸡;加料","风味餐厅四楼"
"单加煎蛋","90","7","6","2元","不辣","小吃","原味","中餐;小吃;蛋类;加料;低热量","风味餐厅四楼"
"单加鱼排","280","15","14","8元","不辣","小吃","鲜美","中餐;小吃;加料","风味餐厅四楼"
"单加小酥肉","350","12","24","8元","可选择","小吃","咸香/麻辣","中餐;小吃;荤菜;加料;高脂","风味餐厅四楼"
"单加脆皮鸡排","320","18","16","8元","不辣","小吃","咸香","中餐;小吃;荤菜;炸鸡;加料","风味餐厅四楼"
"单加上校鸡块","290","14","18","8元","不辣","小吃","咸香","中餐;小吃;荤菜;炸鸡;加料","风味餐厅四楼"
"单加卤蛋","80","7","5","1.5元","不辣","小吃","卤香味","中餐;小吃;蛋类;加料;低热量","风味餐厅四楼"
"照烧芝士焗饭","680","26","24","22元","不辣","主食","照烧芝士味","中餐;主食;焗饭;高蛋白;高脂;高热量","风味餐厅四楼"
"番茄芝士焗饭","660","24","23","22元","不辣","主食","酸甜番茄芝士味","中餐;主食;素菜;焗饭;高蛋白;高脂;高热量","风味餐厅四楼"
"黑椒芝士焗饭","690","26","25","22元","微辣","主食","黑椒芝士味","中餐;主食;焗饭;高蛋白;高脂;高热量","风味餐厅四楼"
"千岛芝士焗饭","720","25","30","22元","不辣","主食","千岛酱芝士味","中餐;主食;焗饭;高蛋白;高脂;高热量","风味餐厅四楼"
"甜辣芝士焗饭","690","25","24","22元","微辣","主食","甜辣芝士味","中餐;主食;焗饭;高蛋白;高脂;高热量","风味餐厅四楼"
"沙拉芝士焗饭","710","25","29","22元","不辣","主食","沙拉酱芝士味","中餐;主食;焗饭;高蛋白;高脂;高热量","风味餐厅四楼"
"咖喱芝士焗饭","700","26","25","22元","微辣","主食","咖喱芝士味","中餐;主食;焗饭;高蛋白;高脂;高热量","风味餐厅四楼"
"蜂蜜芥末芝士焗饭","710","25","28","22元","不辣","主食","蜂蜜芥末芝士味","中餐;主食;焗饭;高蛋白;高脂;高热量","风味餐厅四楼"
"小酥肉芝士焗饭","780","22","35","22元","可选择","主食","咸香芝士味","中餐;主食;荤菜;焗饭;高蛋白;高脂;高热量","风味餐厅四楼"
"照烧鸡排","580","24","18","15元","不辣","主食","照烧味","中餐;主食;荤菜;炸鸡;高蛋白","风味餐厅四楼"
"韩式拌饭","520","15","12","15元","微辣","主食","甜辣酱味","中餐;主食;拌饭","风味餐厅四楼"
"照烧酥肉","620","18","26","15元","不辣","主食","照烧味","中餐;主食;荤菜;高脂","风味餐厅四楼"
"咖喱鸡肉","550","22","15","15元","微辣","主食","咖喱味","中餐;主食;荤菜;高蛋白","风味餐厅四楼"
"香煎肥牛","650","21","28","15元","不辣","主食","咸香","中餐;主食;荤菜;高蛋白;高脂;高热量","风味餐厅四楼"
"黑椒烧肉","610","20","24","15元","微辣","主食","黑椒味","中餐;主食;荤菜;高蛋白;高脂","风味餐厅四楼"
"孜然肥牛盖饭","680","22","29","16元","微辣","主食","孜然风味","中餐;主食;荤菜;盖饭;高蛋白;高脂;高热量","风味餐厅四楼"
"孜然肥牛拌饭","680","22","29","16元","微辣","主食","孜然风味","中餐;主食;荤菜;拌饭;高蛋白;高脂;高热量","风味餐厅四楼"
"黑椒牛柳盖饭","600","25","18","16元","微辣","主食","黑椒味","中餐;主食;荤菜;盖饭;高蛋白","风味餐厅四楼"
"黑椒牛柳拌饭","600","25","18","16元","微辣","主食","黑椒味","中餐;主食;荤菜;拌饭;高蛋白","风味餐厅四楼"
"山西麻辣拌","550","15","22","16元","可选择","主食","酸甜辣/麻辣/中辣/特辣","中餐;主食;高脂","风味餐厅四楼"
"单加肉肠","150","5","12","3元","不辣","小吃","咸香","中餐;小吃;荤菜;加料;低热量","风味餐厅四楼"
"单加肉丸","120","6","8","3元","不辣","小吃","咸香","中餐;小吃;荤菜;加料;低热量","风味餐厅四楼"
"单加卤蛋","80","7","5","1.5元","不辣","小吃","卤香味","中餐;小吃;蛋类;加料;低热量","风味餐厅四楼"
"单加煎蛋","90","7","6","2元","不辣","小吃","原味","中餐;小吃;蛋类;加料;低热量","风味餐厅四楼"
"单加大鸡腿","280","24","14","10元","不辣","小吃","鲜香","中餐;小吃;荤菜;加料;高蛋白","风味餐厅四楼"
"单加鸭腿","260","20","16","8元","不辣","小吃","鲜香","中餐;小吃;荤菜;加料;高蛋白","风味餐厅四楼"
"单加猪排","310","18","20","10元","不辣","小吃","咸香","中餐;小吃;荤菜;加料;高脂","风味餐厅四楼"
"隆江猪脚饭","650","28","35","18.8元","否","主食","咸鲜卤香","中餐;主食;荤菜;高蛋白;高脂;高热量","风味餐厅四楼"
"隆江肥肠饭","620","20","38","19.8元","否","主食","肥美香浓","中餐;主食;荤菜;高蛋白;高脂","风味餐厅四楼"
"猪耳饭","550","26","22","18.8元","否","主食","脆嫩咸香","中餐;主食;荤菜;高蛋白;高脂","风味餐厅四楼"
"猪蹄筋饭","580","30","18","18.8元","否","主食","软糯Q弹","中餐;主食;荤菜;高蛋白","风味餐厅四楼"
"卤汁叉烧酱猪脚饭","700","29","38","18.8元","否","主食","酱香微甜","中餐;主食;荤菜;高蛋白;高脂;高热量","风味餐厅四楼"
"卤汁叉烧酱五花肉饭","750","22","48","18.8元","否","主食","酱浓油润","中餐;主食;荤菜;高蛋白;高脂;高热量","风味餐厅四楼"
"卤肉面","520","20","18","15元","否","主食","咸鲜入味","中餐;主食;面食;荤菜;高蛋白","风味餐厅四楼"
"正宗板面","480","14","12","12元","是","主食","浓香麻辣","中餐;主食;面食","风味餐厅四楼"
"黄金酥脆猪排饭","680","24","28","16.8元","否","主食","酥脆咸香","中餐;主食;荤菜;高蛋白;高脂;高热量","风味餐厅四楼"
"豆干饭","420","15","10","12元","否","主食","咸鲜入味","中餐;主食","风味餐厅四楼"
"肉丸饭","550","18","18","14元","否","主食","鲜嫩多汁","中餐;主食;荤菜","风味餐厅四楼"
"肉肠饭","600","16","26","14元","否","主食","咸香丰厚","中餐;主食;荤菜;高脂","风味餐厅四楼"
"鸭腿饭","580","25","20","15元","否","主食","卤香浓郁","中餐;主食;荤菜;高蛋白;高脂","风味餐厅四楼"
"大鸡腿饭","620","28","18","16元","否","主食","鲜美多汁","中餐;主食;荤菜;高蛋白","风味餐厅四楼"
"卤汁肉饭","580","18","22","16元","否","主食","酱香浓郁","中餐;主食;荤菜;高脂","风味餐厅四楼"
"五花肉饭","720","20","45","18元","否","主食","肥而不腻","中餐;主食;荤菜;高蛋白;高脂;高热量","风味餐厅四楼"
"牛肉拼牛肚","520","32","14","18.8元","否","主食","香韧咸鲜","中餐;主食;荤菜;高蛋白","风味餐厅四楼"
"广味腊肠笼仔饭","650","18","22","18元","否","主食","微甜咸香","中餐;主食;高脂;高热量","教工餐厅一楼"
"川味腊肠笼仔饭","650","18","23","18元","中辣","主食","麻辣咸香","中餐;主食;高脂;高热量","教工餐厅一楼"
"鸡排笼仔饭","620","22","18","17元","否","主食","咸鲜酥嫩","中餐;主食;荤菜;炸鸡;高蛋白","教工餐厅一楼"
"口水鸡笼仔饭","580","24","16","16元","中辣","主食","麻辣鲜香","中餐;主食;荤菜;高蛋白","教工餐厅一楼"
"手撕鸡笼仔饭","550","25","12","16元","否","主食","咸鲜清爽","中餐;主食;高蛋白","教工餐厅一楼"
"白切鸡笼仔饭","540","26","11","16元","否","主食","原汁原味","中餐;主食;高蛋白","教工餐厅一楼"
"烧鸭笼仔饭","680","20","28","17元","否","主食","肥美咸香","中餐;主食;荤菜;高蛋白;高脂;高热量","教工餐厅一楼"
"叉烧笼仔饭","660","22","20","18元","否","主食","蜜汁咸甜","中餐;主食;荤菜;高蛋白;高脂;高热量","教工餐厅一楼"
"广味腊肠","180","5","16","4元 / 个","否","单点","微甜咸香","中餐;小吃;加料;低热量","教工餐厅一楼"
"煎鸡蛋","90","6","7","2元 / 个","否","单点","焦香咸鲜","中餐;小吃;蛋类;加料;低热量","教工餐厅一楼"
"肉肠","150","6","12","4元 / 个","否","单点","咸鲜肉香","中餐;小吃;荤菜;加料;低热量","教工餐厅一楼"
"单加肉类","200","15","12","10元 / 份","否","单点","咸鲜味美","中餐;小吃;荤菜;加料;低热量","教工餐厅一楼"
"鸡腿","220","18","10","12元 / 个","否","单点","鲜嫩多汁","中餐;小吃;荤菜;加料;低热量","教工餐厅一楼"
"鸭腿","260","16","18","12元 / 个","否","单点","肥嫩醇香","中餐;小吃;荤菜;加料","教工餐厅一楼"
"招牌烧鸭饭","680","20","28","16元","否","主食","肥美咸香","中餐;主食;荤菜;高蛋白;高脂;高热量","教工餐厅一楼"
"蜜汁鸡腿饭","620","26","14","15元","否","主食","蜜汁咸甜","中餐;主食;荤菜;高蛋白","教工餐厅一楼"
"葱姜白切鸡饭","560","26","12","15元","否","主食","葱香咸鲜","中餐;主食;高蛋白","教工餐厅一楼"
"脆皮鸭腿饭","720","22","32","16元","否","主食","皮脆肉嫩","中餐;主食;荤菜;高蛋白;高脂;高热量","教工餐厅一楼"
"烧汁肉卷饭","600","18","18","15元","否","主食","酱香浓郁","中餐;主食;荤菜","教工餐厅一楼"
"广味腊肠饭","650","18","22","17元","否","主食","微甜咸香","中餐;主食;高脂;高热量","教工餐厅一楼"
"老娘叉烧饭","660","22","20","17元","否","主食","甜咸适口","中餐;主食;荤菜;高蛋白;高脂;高热量","教工餐厅一楼"
"川味腊肠饭","650","18","23","17元","中辣","主食","麻辣咸香","中餐;主食;高脂;高热量","教工餐厅一楼"
"迷你手撕鸡饭","450","20","9","15元","否","主食","咸鲜清爽","中餐;主食;高蛋白","教工餐厅一楼"
"番茄鸡排饭","640","21","16","16元","否","主食","酸甜开胃","中餐;主食;荤菜;素菜;炸鸡;高蛋白","教工餐厅一楼"
"隆江猪脚饭","780","25","35","18元","否","主食","软糯酱香","中餐;主食;荤菜;高蛋白;高脂;高热量","教工餐厅一楼"
"香辣烤鸡腿饭","630","26","15","15元","微辣","主食","香辣浓郁","中餐;主食;荤菜;高蛋白","教工餐厅一楼"
"黑椒鸡排饭","650","22","18","16元","微辣","主食","黑椒咸香","中餐;主食;荤菜;炸鸡;高蛋白;高热量","教工餐厅一楼"
"脆皮五花肉饭","750","18","36","18元","否","主食","酥脆油香","中餐;主食;荤菜;高脂;高热量","教工餐厅一楼"
"麻辣口水鸡饭","580","24","16","15元","中辣","主食","麻辣鲜香","中餐;主食;荤菜;高蛋白","教工餐厅一楼"
"沙拉鸡排饭","680","21","22","16元","否","主食","香甜解腻","中餐;主食;荤菜;炸鸡;高蛋白;高脂;高热量","教工餐厅一楼"
"任意双拼饭","700","23","26","19元","否","主食","双重风味","中餐;主食;自选;高蛋白;高脂;高热量","教工餐厅一楼"
"椒麻牛肉饭","620","28","15","18.8元","微辣","主食","椒麻咸香","中餐;主食;荤菜;高蛋白","教工餐厅一楼"
"招牌卤肉饭","720","22","32","17元","否","主食","酱香浓郁","中餐;主食;荤菜;高蛋白;高脂;高热量","教工餐厅一楼"
"孜然炸鸡饭","680","24","20","15元","否","主食","孜然焦香","中餐;主食;荤菜;炸鸡;高蛋白;高脂;高热量","教工餐厅一楼"
"特色口水鸡饭","580","25","16","16元","中辣","主食","麻辣鲜香","中餐;主食;荤菜;高蛋白","教工餐厅一楼"
"酱香牛肉饭","620","28","14","18.8元","否","主食","酱香醇厚","中餐;主食;荤菜;高蛋白","教工餐厅一楼"
"卤汁豆干饭","500","18","12","12元","否","主食","咸香入味","中餐;主食","教工餐厅一楼"
"椒麻鸭杂饭","590","22","16","15.8元","微辣","主食","椒麻脆嫩","中餐;主食;荤菜;高蛋白","教工餐厅一楼"
"可乐翅根饭","610","24","14","15.8元","否","主食","甜咸适口","中餐;饮品;主食;饮料;高蛋白;普通能量","教工餐厅一楼"
"卤汁鸡腿饭","620","26","14","15元","否","主食","酱香多汁","中餐;主食;荤菜;高蛋白","教工餐厅一楼"
"金牌肘子饭","780","24","36","18元","否","主食","肥而不腻","中餐;主食;荤菜;高蛋白;高脂;高热量","教工餐厅一楼"
"卤汁肉肠饭","640","18","22","15元","否","主食","咸肉酱香","中餐;主食;荤菜;高脂","教工餐厅一楼"
"秘卤排骨饭","680","23","24","18.8元","否","主食","排骨醇香","中餐;主食;荤菜;高蛋白;高脂;高热量","教工餐厅一楼"
"椒麻猪头肉饭","750","20","35","18.8元","微辣","主食","脆嫩椒麻","中餐;主食;荤菜;高蛋白;高脂;高热量","教工餐厅一楼"
"大块红烧肉饭","790","21","38","18元","否","主食","软糯香甜","中餐;主食;荤菜;烤肉饭;高蛋白;高脂;高热量","教工餐厅一楼"
"香卤猪蹄饭","760","26","32","18元","否","主食","软糯酱香","中餐;主食;荤菜;高蛋白;高脂;高热量","教工餐厅一楼"
"广式腊肠饭","650","18","22","15元","否","主食","微甜咸香","中餐;主食;高脂;高热量","教工餐厅一楼"
"椒麻脆骨饭","580","20","16","15元","微辣","主食","椒麻嘎嘣脆","中餐;主食;高蛋白","教工餐厅一楼"
"椒麻鸭板肠饭","560","21","14","18元","微辣","主食","爽脆椒麻","中餐;主食;荤菜;高蛋白","教工餐厅一楼"
"卤汁鸡排饭","640","22","18","15元","否","主食","酥嫩卤香","中餐;主食;荤菜;炸鸡;高蛋白","教工餐厅一楼"
"家常糖醋肉饭","690","20","22","15.8元","否","主食","酸甜可口","中餐;主食;荤菜;高蛋白;高脂;高热量","教工餐厅一楼"
"一品黑鸭饭","630","22","18","15.8元","微辣","主食","酱辣咸香","中餐;主食;荤菜;高蛋白","教工餐厅一楼"
"椒麻五花肉饭","760","18","36","18元","微辣","主食","肥油椒麻","中餐;主食;荤菜;高脂;高热量","教工餐厅一楼"
"农家一碗香饭","670","22","24","17元","中辣","主食","豉香浓郁","中餐;主食;高蛋白;高脂;高热量","教工餐厅一楼"
"农家小炒肉饭","660","20","25","17元","中辣","主食","香辣鲜嫩","中餐;主食;荤菜;小炒;高蛋白;高脂;高热量","教工餐厅一楼"
"外婆菜炒鸡蛋饭","580","16","18","14元","微辣","主食","咸香下饭","中餐;主食;蛋类;素菜","教工餐厅一楼"
"鹿茸菌小炒肉饭","630","21","22","16元","中辣","主食","菌香鲜辣","中餐;主食;荤菜;素菜;小炒;高蛋白;高脂","教工餐厅一楼"
"爆炒小公鸡饭","620","25","16","17元","重辣","主食","麻辣爆香","中餐;主食;高蛋白","教工餐厅一楼"
"小炒黄牛肉饭","640","28","15","18.8元","中辣","主食","鲜辣嫩滑","中餐;主食;荤菜;小炒;高蛋白","教工餐厅一楼"
"农家腐竹炒肉饭","610","22","18","16元","微辣","主食","豆香肉鲜","中餐;主食;荤菜;素菜;高蛋白","教工餐厅一楼"
"小炒千叶豆腐饭","550","18","14","16元","中辣","主食","香辣脆嫩","中餐;主食;素菜;小炒","教工餐厅一楼"
"卤豆干","90","7","4","3元","否","单点","咸香入味","中餐;小吃;加料;低热量","教工餐厅一楼"
"卤蛋","80","6","5","2.5元","否","单点","酱香浓郁","中餐;小吃;蛋类;加料;低热量","教工餐厅一楼"
"卤鸡腿","180","18","8","6元","否","单点","咸鲜多汁","中餐;小吃;荤菜;加料;低热量","教工餐厅一楼"
"卤鸭腿","220","16","14","8元","否","单点","肥嫩酱香","中餐;小吃;荤菜;加料;低热量","教工餐厅一楼"
"苗香掉渣饼","320","8","12","5元","否","主食","酱香酥脆","中餐;主食","教工餐厅一楼"
"宽片(苗香掉渣饼加料)","40","1","0.5","1元","否","单点","软糯原味","中餐;小吃;加料;低热量","教工餐厅一楼"
"鸡蛋(苗香掉渣饼加料)","75","6","5","2元","否","单点","鲜嫩原味","中餐;小吃;蛋类;加料;低热量","教工餐厅一楼"
"烤肠(苗香掉渣饼加料)","140","5","11","2元","否","单点","焦香肉香","中餐;小吃;荤菜;加料;低热量","教工餐厅一楼"
"培根(苗香掉渣饼加料)","90","4","8","2元","否","单点","咸香熏风","中餐;小吃;荤菜;加料;低热量","教工餐厅一楼"
"蟹排(苗香掉渣饼加料)","80","4","2","2元","否","单点","鲜甜软嫩","中餐;小吃;荤菜;加料;低热量","教工餐厅一楼"
"肉松(苗香掉渣饼加料)","120","8","5","3元","否","单点","咸甜酥松","中餐;小吃;荤菜;加料;低热量","教工餐厅一楼"
"鸡肉肠(苗香掉渣饼加料)","110","7","6","3元","否","单点","咸鲜醇香","中餐;小吃;荤菜;加料;低热量","教工餐厅一楼"
"脆骨肠(苗香掉渣饼加料)","130","6","9","3元","否","单点","咸香脆口","中餐;小吃;加料;低热量","教工餐厅一楼"
"土豆丝(苗香掉渣饼加料)","85","1.5","3","2元","否","单点","清脆咸鲜","中餐;小吃;素菜;加料;低热量","教工餐厅一楼"
"里脊肉串(苗香掉渣饼加料)","140","12","6","3元","否","单点","鲜嫩酱香","中餐;小吃;荤菜;加料;低热量","教工餐厅一楼"
"雪花鸡排(苗香掉渣饼加料)","220","14","12","5元","否","单点","酥脆鲜美","中餐;小吃;荤菜;炸鸡;加料;低热量","教工餐厅一楼"
"黑椒纯肉肠(苗香掉渣饼加料)","180","10","13","5元","微辣","单点","黑椒浓郁","中餐;小吃;荤菜;加料;低热量","教工餐厅一楼"
"奥尔良鸡腿肉(苗香掉渣饼加料)","160","15","8","5元","否","单点","奥尔良风味","中餐;小吃;荤菜;加料;低热量","教工餐厅一楼"
"手抓饼","300","6","14","5元","否","主食","面香酥脆","中餐;主食;面食","教工餐厅一楼"
"烤冷面","350","8","8","7元","否","主食","酸甜咸香","中餐;主食;面食","教工餐厅一楼"
"宽片(手抓饼/烤冷面加料)","40","1","0.5","1元","否","单点","软糯原味","中餐;面食;小吃;加料;低热量","教工餐厅一楼"
"烤肠(手抓饼/烤冷面加料)","140","5","11","2元","否","单点","焦香肉香","中餐;面食;小吃;荤菜;加料;低热量","教工餐厅一楼"
"培根(手抓饼/烤冷面加料)","90","4","8","2元","否","单点","咸香熏风","中餐;面食;小吃;荤菜;加料;低热量","教工餐厅一楼"
"鸡蛋(手抓饼/烤冷面加料)","75","6","5","2元","否","单点","鲜嫩原味","中餐;面食;小吃;蛋类;加料;低热量","教工餐厅一楼"
"蟹排(手抓饼/烤冷面加料)","80","4","2","2元","否","单点","鲜甜软嫩","中餐;面食;小吃;荤菜;加料;低热量","教工餐厅一楼"
"里脊(手抓饼/烤冷面加料)","120","10","5","3元","否","单点","鲜嫩酱香","中餐;面食;小吃;加料;低热量","教工餐厅一楼"
"肉松(手抓饼/烤冷面加料)","120","8","5","3元","否","单点","咸甜酥松","中餐;面食;小吃;荤菜;加料;低热量","教工餐厅一楼"
"鸡排(手抓饼/烤冷面加料)","220","14","12","5元","否","单点","酥脆鲜美","中餐;面食;小吃;荤菜;炸鸡;加料;低热量","教工餐厅一楼"
"鸡腿肉(手抓饼/烤冷面加料)","160","15","8","5元","否","单点","鲜嫩多汁","中餐;面食;小吃;荤菜;加料;低热量","教工餐厅一楼"
"黑椒纯肉肠(手抓饼/烤冷面加料)","180","10","13","5元","微辣","单点","黑椒浓郁","中餐;面食;小吃;荤菜;加料;低热量","教工餐厅一楼"
"经典暖太熊热狗","450","14","22","¥9.9","否","主食","咸甜浓郁","中餐;主食;面食;汉堡热狗;高脂","教工餐厅一楼"
"熔岩芝士炸鸡热狗","580","18","28","¥12","否","主食","芝香酥嫩","中餐;主食;面食;荤菜;炸鸡;汉堡热狗;高脂","教工餐厅一楼"
"瀑布芝士牛肉热狗","620","24","32","¥15","否","主食","酱香浓郁","中餐;主食;面食;荤菜;汉堡热狗;高蛋白;高脂","教工餐厅一楼"
"经典暖太熊热狗套餐一(含薯条+中可)","750","18","32","¥17","否","套餐","咸甜香脆","中餐;主食;面食;小吃;套餐;汉堡热狗;高脂;高热量","教工餐厅一楼"
"经典暖太熊热狗套餐二(含上校鸡块+中可)","780","22","34","¥17","否","套餐","肉香酥嫩","中餐;主食;面食;小吃;荤菜;套餐;炸鸡;汉堡热狗;高蛋白;高脂;高热量","教工餐厅一楼"
"经典暖太熊热狗套餐三(含鸡米花+中可)","760","20","33","¥17","否","套餐","香脆可口","中餐;主食;面食;小吃;荤菜;套餐;炸鸡;汉堡热狗;高蛋白;高脂;高热量","教工餐厅一楼"
"经典暖太熊热狗套餐四(含鸡腿+中可)","880","32","38","¥18","否","套餐","鲜嫩多汁","中餐;主食;面食;荤菜;套餐;汉堡热狗;高蛋白;高脂;高热量","教工餐厅一楼"
"经典暖太熊热狗套餐五(含薯条+鸡排)","920","28","45","¥19","否","套餐","外酥里嫩","中餐;主食;面食;小吃;荤菜;套餐;炸鸡;汉堡热狗;高蛋白;高脂;高热量","教工餐厅一楼"
"熔岩芝士炸鸡热狗套餐一(含薯条+中可)","880","22","38","¥19","否","套餐","芝香浓郁","中餐;主食;面食;小吃;荤菜;套餐;炸鸡;汉堡热狗;高蛋白;高脂;高热量","教工餐厅一楼"
"熔岩芝士炸鸡热狗套餐二(含上校鸡块+中可)","910","26","40","¥19","否","套餐","浓郁酥脆","中餐;主食;面食;小吃;荤菜;套餐;炸鸡;汉堡热狗;高蛋白;高脂;高热量","教工餐厅一楼"
"熔岩芝士炸鸡热狗套餐三(含鸡米花+中可)","890","24","39","¥19","否","套餐","香浓嘎嘣脆","中餐;主食;面食;小吃;荤菜;套餐;炸鸡;汉堡热狗;高蛋白;高脂;高热量","教工餐厅一楼"
"熔岩芝士炸鸡热狗套餐四(含鸡腿+中可)","1010","36","44","¥20","否","套餐","醇厚满足","中餐;主食;面食;荤菜;套餐;炸鸡;汉堡热狗;高蛋白;高脂;高热量","教工餐厅一楼"
"熔岩芝士炸鸡热狗套餐五(含薯条+鸡排)","1050","32","51","¥21","否","套餐","热量炸弹","中餐;主食;面食;小吃;荤菜;套餐;炸鸡;汉堡热狗;高蛋白;高脂;高热量","教工餐厅一楼"
"瀑布芝士牛肉热狗套餐一(含薯条+中可)","920","28","42","¥22","否","套餐","酱香浓郁","中餐;主食;面食;小吃;荤菜;套餐;汉堡热狗;高蛋白;高脂;高热量","教工餐厅一楼"
"瀑布芝士牛肉热狗套餐二(含上校鸡块+中可)","950","32","44","¥22","否","套餐","肉感十足","中餐;主食;面食;小吃;荤菜;套餐;炸鸡;汉堡热狗;高蛋白;高脂;高热量","教工餐厅一楼"
"瀑布芝士牛肉热狗套餐三(含鸡米花+中可)","930","30","43","¥22","否","套餐","满口留香","中餐;主食;面食;小吃;荤菜;套餐;炸鸡;汉堡热狗;高蛋白;高脂;高热量","教工餐厅一楼"
"瀑布芝士牛肉热狗套餐四(含鸡腿+中可)","1050","42","48","¥23","否","套餐","极度满足","中餐;主食;面食;荤菜;套餐;汉堡热狗;高蛋白;高脂;高热量","教工餐厅一楼"
"瀑布芝士牛肉热狗套餐五(含薯条+鸡排)","1090","38","55","¥24","否","套餐","扎实丰盛","中餐;主食;面食;小吃;荤菜;套餐;炸鸡;汉堡热狗;高蛋白;高脂;高热量","教工餐厅一楼"
"香辣鸡排堡*2","680","24","28","¥12","微辣","主食","香辣可口","中餐;主食;荤菜;炸鸡;高蛋白;高脂;高热量","教工餐厅一楼"
"香辣鸡排堡+翅根+可乐","650","22","25","¥11","微辣","套餐","香辣鲜嫩","中餐;饮品;主食;饮料;套餐;炸鸡;高蛋白;高脂;高热量","教工餐厅一楼"
"小食拼盘A","420","12","22","¥13","否","小吃","香脆甜糯","中餐;小吃;高脂","教工餐厅一楼"
"小食拼盘B","450","15","24","¥13","否","小吃","酥脆扎实","中餐;小吃;高脂","教工餐厅一楼"
"套餐一(香辣/劲脆鸡腿堡+薯条+中可)","820","25","36","¥16","微辣","套餐","香辣香脆","中餐;主食;小吃;荤菜;套餐;汉堡热狗;高蛋白;高脂;高热量","教工餐厅一楼"
"套餐二(劲脆鸡腿堡+上校鸡块*5+可乐)","850","28","38","¥16","否","套餐","外酥里嫩","中餐;饮品;主食;小吃;饮料;套餐;炸鸡;汉堡热狗;高蛋白;高脂;高热量","教工餐厅一楼"
"套餐三(劲脆鸡腿堡+鸡米花+可乐)","810","26","35","¥16","否","套餐","酥脆满足","中餐;饮品;主食;小吃;饮料;套餐;炸鸡;汉堡热狗;高蛋白;高脂;高热量","教工餐厅一楼"
"套餐四(香辣/劲脆鸡腿堡+大鸡腿+中可)","950","38","42","¥17","微辣","套餐","鲜嫩多汁","中餐;主食;荤菜;套餐;汉堡热狗;高蛋白;高脂;高热量","教工餐厅一楼"
"套餐五(香辣/劲脆鸡腿堡+墨西哥肌肉卷+中可)","980","32","40","¥18","微辣","套餐","丰富多汁","中餐;主食;荤菜;套餐;汉堡热狗;高蛋白;高脂;高热量","教工餐厅一楼"
"套餐六(香辣/劲脆鸡腿堡+鸡排+薯条)","960","30","48","¥18","微辣","套餐","金黄酥脆","中餐;主食;小吃;荤菜;套餐;炸鸡;汉堡热狗;高蛋白;高脂;高热量","教工餐厅一楼"
"套餐七(奥尔良鸡腿堡+上校鸡块+中可)","790","26","30","¥19","否","套餐","鲜嫩酱香","中餐;主食;小吃;荤菜;套餐;炸鸡;汉堡热狗;高蛋白;高脂;高热量","教工餐厅一楼"
"套餐八(香辣/劲脆鸡腿堡*2+薯条+可乐)","1350","46","65","¥24","微辣","套餐","双重满足","中餐;饮品;主食;小吃;饮料;套餐;汉堡热狗;高蛋白;高脂;高热量","教工餐厅一楼"
"套餐九(香辣/劲脆鸡腿堡+半只鸡+中可)","1150","48","58","¥22","微辣","套餐","极度过瘾","中餐;主食;荤菜;套餐;炸鸡;汉堡热狗;高蛋白;高脂;高热量","教工餐厅一楼"
"香辣鸡排堡","340","12","14","¥8","微辣","主食","香辣可口","中餐;主食;荤菜;炸鸡","教工餐厅一楼"
"劲脆/香辣鸡腿堡","420","15","18","¥9","微辣","主食","外酥里嫩","中餐;主食;荤菜;汉堡热狗","教工餐厅一楼"
"墨西哥肌肉卷","380","14","15","¥9","微辣","主食","酱香浓郁","中餐;主食;荤菜","教工餐厅一楼"
"田园脆鸡堡","350","11","13","¥8","否","主食","清脆鲜嫩","中餐;主食","教工餐厅一楼"
"奥尔良鸡腿堡","390","16","12","¥12","否","主食","奥尔良风味","中餐;主食;荤菜;汉堡热狗","教工餐厅一楼"
"黄金蟹堡","360","10","14","¥13","否","主食","鲜甜香酥","中餐;主食;荤菜","教工餐厅一楼"
"至尊鲜虾堡","380","13","12","¥13","否","主食","鲜美Q弹","中餐;主食;荤菜","教工餐厅一楼"
"深海鳕鱼堡","400","12","16","¥13","否","主食","外酥里嫩","中餐;主食","教工餐厅一楼"
"双层鸡腿堡","580","24","26","¥14","微辣","主食","肉感十足","中餐;主食;荤菜;汉堡热狗;高蛋白;高脂","教工餐厅一楼"
"至尊牛肉堡","450","22","20","¥9","否","主食","酱香浓郁","中餐;主食;荤菜;高蛋白;高脂","教工餐厅一楼"
"双层牛堡","520","26","24","¥14","否","主食","醇厚肉香","中餐;主食;荤菜;汉堡热狗;高蛋白;高脂","教工餐厅一楼"
"半只炸鸡","650","35","42","¥12","否","小吃","外酥里嫩","中餐;小吃;荤菜;炸鸡;高蛋白;高脂;高热量","教工餐厅一楼"
"整只炸鸡","1250","68","82","¥22","否","小吃","金黄酥脆","中餐;小吃;荤菜;炸鸡;高蛋白;高脂;高热量","教工餐厅一楼"
"香酥翅根*4","360","18","22","¥9.9","微辣","小吃","香脆多汁","中餐;小吃;高脂","教工餐厅一楼"
"翅根(3个)","270","13","16","¥3","微辣","小吃","香脆可口","中餐;小吃","教工餐厅一楼"
"薯条","220","3","11","¥7","否","小吃","外酥里软","中餐;小吃;低热量","教工餐厅一楼"
"雪花鸡排","240","14","13","¥6","否","小吃","金黄酥脆","中餐;小吃;荤菜;炸鸡","教工餐厅一楼"
"南瓜天妇罗","150","2","6","¥6","否","小吃","香甜酥脆","中餐;小吃;素菜;低热量","教工餐厅一楼"
"上校鸡块","210","10","12","¥6","否","小吃","鲜嫩酥脆","中餐;小吃;荤菜;炸鸡;低热量","教工餐厅一楼"
"地瓜丸","180","2","5","¥5","否","小吃","甜糯可口","中餐;小吃;低热量","教工餐厅一楼"
"薯饼","160","2","9","¥6","否","小吃","外焦里嫩","中餐;小吃;低热量","教工餐厅一楼"
"鸡米花","230","11","12","¥6","微辣","小吃","香脆一口酥","中餐;小吃;荤菜;炸鸡","教工餐厅一楼"
"红豆派","240","4","8","¥5","否","小吃","香甜软糯","中餐;小吃;素菜","教工餐厅一楼"
"雪花鸡柳","200","12","10","¥5","否","小吃","酥脆鲜嫩","中餐;小吃;荤菜;低热量","教工餐厅一楼"
"鸡腿","180","14","11","¥6","否","小吃","鲜嫩多汁","中餐;小吃;荤菜;低热量","教工餐厅一楼"
"香芋派","230","3","8","¥5","否","小吃","甜润香浓","中餐;小吃","教工餐厅一楼"
"韩式炸鸡套餐一(无骨肉块*5+年糕*3+地瓜条*3)","580","22","25","¥16","微辣","套餐","甜辣浓郁","中餐;主食;荤菜;套餐;炸鸡;高蛋白;高脂","教工餐厅一楼"
"韩式炸鸡套餐二(无骨肉块*8+年糕*6+地瓜条*3)","850","32","36","¥19","微辣","套餐","丰富满足","中餐;主食;荤菜;套餐;炸鸡;高蛋白;高脂;高热量","教工餐厅一楼"
"可乐","140","0","0","¥5","否","饮品","清爽气泡","中餐;饮品;饮料;低热量","教工餐厅一楼"
"雪碧","140","0","0","¥5","否","饮品","柠檬清爽","中餐;饮品;饮料;低热量","教工餐厅一楼"
"美年达","150","0","0","¥5","否","饮品","果香浓郁","中餐;饮品;饮料;低热量","教工餐厅一楼"
"香辣鸡排堡*2","680","24","28","¥12","微辣","主食","香辣可口","中餐;主食;荤菜;炸鸡;高蛋白;高脂;高热量","教工餐厅一楼"
"香辣鸡排堡+翅根+可乐","650","22","25","¥11","微辣","套餐","香辣鲜嫩","中餐;饮品;主食;饮料;套餐;炸鸡;高蛋白;高脂;高热量","教工餐厅一楼"
"小食拼盘A","420","12","22","¥13","否","小吃","香脆甜糯","中餐;小吃;高脂","教工餐厅一楼"
"小食拼盘B","450","15","24","¥13","否","小吃","酥脆扎实","中餐;小吃;高脂","教工餐厅一楼"
"生椰拿铁","180","2","6","10元","否","饮品","椰香咖浓","中餐;饮品;饮料;咖啡;低热量","教工餐厅一楼"
"西瓜椰椰","160","1","2","大12元","否","饮品","清甜爽口","中餐;饮品;饮料;低热量","教工餐厅一楼"
"杨枝甘露(精品)","240","2","4","大12元","否","饮品","果香浓郁","中餐;饮品;饮料;普通能量","教工餐厅一楼"
"珍珠奶茶","260","3","8","中8元/大10元","否","饮品","奶香丝滑","中餐;饮品;饮料;奶茶;普通能量","教工餐厅一楼"
"小酷纯奶茶","220","3","7","中7元/大9元","否","饮品","醇厚奶香","中餐;饮品;饮料;奶茶;低热量","教工餐厅一楼"
"椰果奶茶","240","3","7","中8元/大10元","否","饮品","清甜Q弹","中餐;饮品;饮料;奶茶;普通能量","教工餐厅一楼"
"仙草奶茶","230","3","7","中8元/大10元","否","饮品","甘甜爽滑","中餐;饮品;饮料;奶茶;普通能量","教工餐厅一楼"
"红豆奶茶","270","4","7","中9元/大11元","否","饮品","豆香甜蜜","中餐;饮品;饮料;奶茶;普通能量","教工餐厅一楼"
"茉莉奶绿","210","3","6","中9元/大11元","否","饮品","清新花香","中餐;饮品;饮料;奶茶;低热量","教工餐厅一楼"
"桃桃乌龙奶茶","230","3","6","中10元/大12元","否","饮品","桃香乌龙","中餐;饮品;饮料;奶茶;普通能量","教工餐厅一楼"
"草莓椰奶","190","2","4","中8元","否","饮品","酸甜莓香","中餐;饮品;饮料;果茶;低热量","教工餐厅一楼"
"柠柠冰咖","120","1","0","7元","否","饮品","酸甜啡香","中餐;饮品;饮料;低热量","教工餐厅一楼"
"橙C冰咖","130","1","0","7元","否","饮品","橙香爽口","中餐;饮品;饮料;低热量","教工餐厅一楼"
"冰美式咖啡","10","1","0","10元","否","饮品","醇苦清爽","中餐;饮品;饮料;咖啡;低热量","教工餐厅一楼"
"冰鲜柠檬水","100","0","0","大4元","否","饮品","酸甜冰爽","中餐;饮品;饮料;果茶;低热量","教工餐厅一楼"
"杨枝甘露","240","2","4","大12元","否","饮品","芒果椰香","中餐;饮品;饮料;果茶;普通能量","教工餐厅一楼"
"棒打鲜橙","140","1","0","大10元","否","饮品","满口橙香","中餐;饮品;饮料;果茶;低热量","教工餐厅一楼"
"葡萄芋圆","180","1","1","大10元","否","饮品","葡萄清甜","中餐;饮品;饮料;果茶;低热量","教工餐厅一楼"
"草莓冻冻","160","1","0","大11元","否","饮品","莓香Q弹","中餐;饮品;饮料;果茶;低热量","教工餐厅一楼"
"蜜桃乌龙","130","0","0","大11元","否","饮品","桃香清爽","中餐;饮品;饮料;低热量","教工餐厅一楼"
"蜂蜜柚子茶","150","0","0","大10元","否","饮品","柚香蜜甜","中餐;饮品;饮料;低热量","教工餐厅一楼"
"百香乌龙双响炮","170","1","0","大11元","否","饮品","酸甜丰富","中餐;饮品;饮料;低热量","教工餐厅一楼"
"爆打香柠","110","0","0","大8元","否","饮品","清香酸爽","中餐;饮品;饮料;低热量","教工餐厅一楼"
"茉莉手打柠檬茶","120","0","0","大12元","否","饮品","柠檬茶香","中餐;饮品;饮料;果茶;低热量","教工餐厅一楼"
"鸭屎香手打柠檬茶","120","0","0","大12元","否","饮品","地道茶香","中餐;饮品;饮料;果茶;低热量","教工餐厅一楼"
"夏日青提圣代","210","3","5","U型杯8元","否","甜品","青提酸甜","中餐;小吃;低热量","教工餐厅一楼"
"魔法脆脆","140","2","4","脆筒3元","否","甜品","香脆冰爽","中餐;小吃;低热量","教工餐厅一楼"
"草莓圣代","220","3","5","U型杯8元","否","甜品","草莓甜蜜","中餐;饮品;小吃;果茶;低热量","教工餐厅一楼"
"黑珍珍圣代","240","3","5","U型杯8元","否","甜品","软糯Q弹","中餐;小吃","教工餐厅一楼"
"奥利奥圣代","250","3","6","U型杯8元","否","甜品","巧克香脆","中餐;小吃","教工餐厅一楼"
"草莓手摇奶昔","260","4","6","中8元","否","饮品","莓香奶浓","中餐;饮品;饮料;果茶;普通能量","教工餐厅一楼"
"蜜桃手摇奶昔","260","4","6","中9元","否","饮品","桃香甜蜜","中餐;饮品;饮料;普通能量","教工餐厅一楼"
"奥利奥手摇奶昔","290","4","8","中9元","否","饮品","浓郁巧香","中餐;饮品;饮料;普通能量","教工餐厅一楼"
"芒果酸奶昔","200","4","4","中8元","否","饮品","芒香酸甜","中餐;饮品;饮料;果茶;酸奶;低热量","教工餐厅一楼"
"桃桃酸奶昔","200","4","4","中10元","否","饮品","桃香醇厚","中餐;饮品;饮料;酸奶;低热量","教工餐厅一楼"
"菠萝酸奶昔","195","4","4","中10元","否","饮品","菠萝清酸","中餐;饮品;饮料;酸奶;低热量","教工餐厅一楼"
"柠檬益菌多","140","1","0","大9元","否","饮品","酸甜益菌","中餐;饮品;饮料;低热量","教工餐厅一楼"
"桃桃益菌多","160","1","0","大11元","否","饮品","蜜桃风味","中餐;饮品;饮料;低热量","教工餐厅一楼"
"草莓益菌多","160","1","0","大11元","否","饮品","草莓多汁","中餐;饮品;饮料;果茶;低热量","教工餐厅一楼"
"芒芒益菌多","170","1","0","大11元","否","饮品","芒果浓郁","中餐;饮品;饮料;果茶;低热量","教工餐厅一楼"
"橙子益菌多","160","1","0","大11元","否","饮品","橙香酸甜","中餐;饮品;饮料;低热量","教工餐厅一楼"
"珍珠(小料区)","40","0","0","1元","否","单点","软糯Q弹","中餐;小吃;加料;低热量","教工餐厅一楼"
"椰果(小料区)","30","0","0","1元","否","单点","爽脆清甜","中餐;小吃;饮料;加料;低热量","教工餐厅一楼"
"仙草冻(小料区)","15","0","0","1元","否","单点","爽滑甘爽","中餐;小吃;加料;低热量","教工餐厅一楼"
"效果冻(小料区)","20","0","0","1元","否","单点","Q弹多汁","中餐;小吃;加料;低热量","教工餐厅一楼"
"红豆(小料区)","60","1","0","2元","否","单点","豆香软糯","中餐;小吃;素菜;加料;低热量","教工餐厅一楼"
"芋圆(小料区)","50","0","0","2元","否","单点","扎实Q弹","中餐;小吃;加料;低热量","教工餐厅一楼"
"奥利奥(小料区)","60","1","2","2元","否","单点","巧克香脆","中餐;小吃;加料;低热量","教工餐厅一楼"
"鸡蛋面","360","12","6","¥6","否","主食","咸鲜原味","中餐;主食;面食;蛋类","教工餐厅一楼"
"酸菜面","380","10","8","¥6","微辣","主食","酸咸开胃","中餐;主食;面食;素菜","教工餐厅一楼"
"招牌黄牛肉汤面/粉","580","28","14","¥16","中辣","主食","鲜辣浓郁","中餐;汤品;主食;面食;荤菜;面条;汤面;汤粥;高蛋白","教工餐厅一楼"
"原汤白切牛肉汤面/粉","520","26","10","12元","否","主食","醇香清爽","中餐;汤品;主食;面食;荤菜;面条;汤面;汤粥;高蛋白","教工餐厅一楼"
"香菇肉丝拌面/粉","540","18","16","12元","否","主食","菌香酱浓","中餐;主食;面食;荤菜;素菜;面条;拌面;汤面","教工餐厅一楼"
"酸菜肉片汤面/粉","510","16","12","12元","微辣","主食","酸辣鲜美","中餐;汤品;主食;面食;荤菜;素菜;面条;汤面;汤粥","教工餐厅一楼"
"藤椒肉丝汤面/粉","530","18","15","13元","中辣","主食","麻辣鲜香","中餐;汤品;主食;面食;荤菜;面条;汤面;汤粥","教工餐厅一楼"
"三鲜肉丸汤面/粉","490","20","11","13元","否","主食","清汤鲜美","中餐;汤品;主食;面食;荤菜;面条;汤面;汤粥;高蛋白","教工餐厅一楼"
"冒烤鸭汤面/粉","620","22","24","15元","中辣","主食","油润香辣","中餐;汤品;主食;面食;荤菜;面条;汤面;汤粥;高蛋白;高脂","教工餐厅一楼"
"番茄鸡蛋汤面/粉","420","12","10","10元","否","主食","酸甜可口","中餐;汤品;主食;面食;蛋类;素菜;面条;汤面;汤粥","教工餐厅一楼"
"柳州螺蛳粉","560","14","18","14元","重辣","主食","酸辣鲜臭","中餐;主食","教工餐厅一楼"
"香干炒肉汤面/粉","580","20","20","12元","微辣","主食","豉香咸鲜","中餐;汤品;主食;面食;荤菜;面条;汤面;汤粥;高蛋白;高脂","教工餐厅一楼"
"香锅焖鸡块汤面/粉","610","24","18","14元","微辣","主食","酱香浓郁","中餐;汤品;主食;面食;小吃;荤菜;面条;汤面;汤粥;炸鸡;高蛋白","教工餐厅一楼"
"招牌肉酱拌面/粉","560","16","18","12元","否","主食","酱香醇厚","中餐;主食;面食;荤菜;面条;拌面;汤面","教工餐厅一楼"
"蟹黄肉酱拌面/粉","620","18","22","15元","否","主食","鲜香油润","中餐;主食;面食;荤菜;面条;拌面;汤面;高脂","教工餐厅一楼"
"葱油拌面/粉","410","8","12","9元","否","主食","葱香咸甜","中餐;主食;面食;面条;拌面;汤面","教工餐厅一楼"
"番茄鸡蛋拌面/粉","450","12","11","10元","否","主食","酸甜浓郁","中餐;主食;面食;蛋类;素菜;面条;拌面;汤面","教工餐厅一楼"
"藤椒肉丝拌面/粉","550","18","16","13元","中辣","主食","鲜麻透骨","中餐;主食;面食;荤菜;面条;拌面;汤面","教工餐厅一楼"
"香锅焖鸡块拌面/粉","630","24","19","14元","微辣","主食","浓酱入味","中餐;主食;面食;小吃;荤菜;面条;拌面;汤面;炸鸡;高蛋白","教工餐厅一楼"
"椒麻鸡丝拌面/粉","540","22","12","14元","中辣","主食","椒麻爽脆","中餐;主食;面食;荤菜;面条;拌面;汤面;高蛋白","教工餐厅一楼"
"冒烤鸭拌面/粉","660","22","26","15元","中辣","主食","麻辣油润","中餐;主食;面食;荤菜;面条;拌面;汤面;高蛋白;高脂;高热量","教工餐厅一楼"
"南昌拌粉","380","6","6","9元","微辣","主食","咸香爽滑","中餐;主食;炒粉","教工餐厅一楼"
"武汉热干面","520","12","22","10元","否","主食","芝麻酱香","中餐;主食;面食;面条;拌面;高脂","教工餐厅一楼"
"土豆焖肉拌面/粉","590","16","20","12元","否","主食","酱香软糯","中餐;主食;面食;荤菜;素菜;面条;拌面;汤面;高脂","教工餐厅一楼"
"香干炒肉拌面/粉","600","20","21","12元","微辣","主食","香辣下饭","中餐;主食;面食;荤菜;面条;拌面;汤面;高蛋白;高脂","教工餐厅一楼"
"肉酱土豆泥拌面/粉","580","14","16","12.8元","否","主食","酱香绵密","中餐;主食;面食;荤菜;素菜;面条;拌面;汤面","教工餐厅一楼"
"香锅焖块土豆泥拌面/粉","640","22","18","14.8元","微辣","主食","浓郁入味","中餐;主食;面食;素菜;面条;拌面;汤面;高蛋白","教工餐厅一楼"
"鸡丝土豆泥拌面/粉","550","20","12","14.8元","微辣","主食","鲜椒绵密","中餐;主食;面食;荤菜;素菜;面条;拌面;汤面;高蛋白","教工餐厅一楼"
"蟹黄土豆泥拌面/粉","650","16","24","15.8元","否","主食","蟹香浓郁","中餐;主食;面食;荤菜;素菜;面条;拌面;汤面;高脂;高热量","教工餐厅一楼"
"煎蛋(小吃)","90","6","7","2元","否","单点","焦香原味","中餐;小吃;蛋类;加料;低热量","教工餐厅一楼"
"卤蛋(小吃)","80","6","5","2元","否","单点","酱香入味","中餐;小吃;蛋类;加料;低热量","教工餐厅一楼"
"兰花串(小吃)","120","6","8","2.5元","微辣","单点","咸香多汁","中餐;小吃;加料;低热量","教工餐厅一楼"
"炸蛋(小吃)","150","6","13","2.5元","否","单点","吸汁焦香","中餐;小吃;蛋类;加料;低热量","教工餐厅一楼"
"开花肠(小吃)","160","5","13","3.5元","否","单点","外焦里嫩","中餐;小吃;加料;低热量","教工餐厅一楼"
"狮子头(小吃)","220","12","16","3.5元","否","单点","扎实酱香","中餐;小吃;加料;低热量","教工餐厅一楼"
"大肉肠(小吃)","240","8","20","4.5元","否","单点","肉香浓郁","中餐;小吃;荤菜;加料;高脂","教工餐厅一楼"
"鸡腿(小吃)","180","18","8","6元","否","单点","咸鲜多汁","中餐;小吃;荤菜;加料;低热量","教工餐厅一楼"
"鸭腿(小吃)","220","16","14","8元","否","单点","酱香肥嫩","中餐;小吃;荤菜;加料;低热量","教工餐厅一楼"
"烤盘饭自选称重","350","15","12","9.9元 / 3两","否","主食","多风味自选","中餐;主食;自选","教工餐厅一楼"
"升级烤盘炒饭","450","12","14","任意消费12元+2元","否","主食","酱香焦香","中餐;主食;炒饭","教工餐厅一楼"
"柠檬味烤盘饭","420","18","11","9.9元 / 3两","否","主食","清新酸甜","中餐;主食","教工餐厅一楼"
"荔枝味烤盘饭","430","16","11","9.9元 / 3两","否","主食","果香微甜","中餐;饮品;主食;果茶;普通能量","教工餐厅一楼"
"麻辣味烤盘饭","460","18","16","9.9元 / 3两","中辣","主食","麻辣鲜香","中餐;主食","教工餐厅一楼"
"鱼香味烤盘饭","440","17","14","9.9元 / 3两","微辣","主食","酸甜微辣","中餐;主食","教工餐厅一楼"
"烧烤味烤盘饭","450","19","15","9.9元 / 3两","微辣","主食","孜然焦香","中餐;主食","教工餐厅一楼"
"酱香味烤盘饭","440","18","13","9.9元 / 3两","否","主食","酱香浓郁","中餐;主食","教工餐厅一楼"
"糖醋味烤盘饭","450","16","12","9.9元 / 3两","否","主食","酸甜可口","中餐;主食","教工餐厅一楼"
"酱香辣烤盘饭","460","18","15","9.9元 / 3两","微辣","主食","酱香咸辣","中餐;主食","教工餐厅一楼"
"日晒番茄牛肉饭","620","28","14","18.8元","否","主食","茄香浓郁","中餐;主食;荤菜;素菜;高蛋白","教工餐厅一楼"
"豆花肥肠饭","720","20","32","19.8元","中辣","主食","麻辣软烂","中餐;主食;荤菜;素菜;高蛋白;高脂;高热量","教工餐厅一楼"
"湖南辣椒炒肉饭","650","18","24","16.8元","中辣","主食","香辣鲜嫩","中餐;主食;荤菜;高脂;高热量","教工餐厅一楼"
"麻辣猪肘饭","760","24","35","18.8元","微辣","主食","麻辣软糯","中餐;主食;荤菜;高蛋白;高脂;高热量","教工餐厅一楼"
"梅菜烧肉饭","750","18","36","18元","否","主食","咸鲜带甜","中餐;主食;荤菜;素菜;烤肉饭;高脂;高热量","教工餐厅一楼"
"东坡红烧肉饭","780","19","38","18元","否","主食","软糯香甜","中餐;主食;荤菜;烤肉饭;高脂;高热量","教工餐厅一楼"
"甜麻酱鸭翅饭","580","22","18","17.8元","微辣","主食","甜辣酱香","中餐;主食;荤菜;高蛋白","教工餐厅一楼"
"青柠蜜汁鸡肉饭","580","25","12","17元","否","主食","酸甜清香","中餐;主食;荤菜;高蛋白","教工餐厅一楼"
"重庆小炒肉饭","660","19","25","17元","中辣","主食","香辣入味","中餐;主食;荤菜;小炒;高脂;高热量","教工餐厅一楼"
"爽口柠檬鸭饭","610","21","18","16.8元","微辣","主食","酸辣爽口","中餐;主食;荤菜;高蛋白","教工餐厅一楼"
"湖南麻辣鸡肉饭","620","26","15","16.8元","中辣","主食","麻辣鲜香","中餐;主食;荤菜;高蛋白","教工餐厅一楼"
"爽口酸辣鸡杂饭","560","20","14","15元","中辣","主食","酸辣爽脆","中餐;主食;高蛋白","教工餐厅一楼"
"烧汁肉沫浇茄子饭","480","10","18","14元","否","主食","酱香浓郁","中餐;主食;荤菜;素菜","教工餐厅一楼"
"农家烧肉豆腐饭","590","20","18","14元","微辣","主食","咸香入味","中餐;主食;荤菜;素菜;高蛋白","教工餐厅一楼"
"特价鸭腿饭","580","22","16","13元","否","主食","酱香多汁","中餐;主食;荤菜;高蛋白","教工餐厅一楼"
"酱香鸭腿(单加)","220","16","14","8元","否","单点","肥嫩酱香","中餐;小吃;荤菜;加料;低热量","教工餐厅一楼"
"酱香鸡腿(单加)","180","18","8","6元","否","单点","咸鲜多汁","中餐;小吃;荤菜;加料;低热量","教工餐厅一楼"
"藤椒鸡排(单加)","240","14","13","6元","微辣","单点","外酥里嫩","中餐;小吃;荤菜;炸鸡;加料","教工餐厅一楼"
"剁椒鸡蛋(单加)","140","7","11","2元","微辣","单点","咸辣焦香","中餐;小吃;蛋类;加料;低热量","教工餐厅一楼"
"酱香豆干(单加)","90","7","4","2元","否","单点","咸香入味","中餐;小吃;加料;低热量","教工餐厅一楼"
"日晒番茄牛肉饭","550","28","15","18.8元","否","主食","酸甜咸鲜","中餐;主食;荤菜;素菜;高蛋白","教工餐厅一楼"
"豆花肥肠饭","680","22","35","19.8元","中辣","主食","麻辣浓郁","中餐;主食;荤菜;素菜;高蛋白;高脂;高热量","教工餐厅一楼"
"湖南辣椒炒肉饭","620","24","28","16.8元","特辣","主食","香辣咸鲜","中餐;主食;荤菜;高蛋白;高脂","教工餐厅一楼"
"麻辣猪肘饭","750","26","45","18.8元","高辣","主食","麻辣咸香","中餐;主食;荤菜;高蛋白;高脂;高热量","教工餐厅一楼"
"梅菜烧肉饭","700","20","40","18元","否","主食","咸甜浓郁","中餐;主食;荤菜;素菜;烤肉饭;高蛋白;高脂;高热量","教工餐厅一楼"
"东坡红烧肉饭","780","22","48","18元","否","主食","咸甜肥美","中餐;主食;荤菜;烤肉饭;高蛋白;高脂;高热量","教工餐厅一楼"
"甜麻酱鸭翅饭","520","25","18","17.8元","微辣","主食","酱香微麻","中餐;主食;荤菜;高蛋白","教工餐厅一楼"
"青柠蜜汁鸡肉饭","510","30","12","17元","否","主食","酸甜清爽","中餐;主食;荤菜;高蛋白","教工餐厅一楼"
"重庆小炒肉饭","630","23","30","17元","高辣","主食","麻辣鲜香","中餐;主食;荤菜;小炒;高蛋白;高脂","教工餐厅一楼"
"爽口柠檬鸭饭","540","24","16","16.8元","微辣","主食","酸辣清爽","中餐;主食;荤菜;高蛋白","教工餐厅一楼"
"湖南麻辣鸡肉饭","580","28","20","16.8元","高辣","主食","麻辣浓郁","中餐;主食;荤菜;高蛋白;高脂","教工餐厅一楼"
"爽口酸辣鸡杂饭","500","22","14","15元","高辣","主食","酸辣脆爽","中餐;主食;高蛋白","教工餐厅一楼"
"烧汁肉沫浇茄子饭","560","12","25","14元","否","主食","咸鲜浓郁","中餐;主食;荤菜;素菜;高脂","教工餐厅一楼"
"农家烧肉豆腐饭","580","18","22","14元","微辣","主食","咸香入味","中餐;主食;荤菜;素菜;高脂","教工餐厅一楼"
"特价鸭腿饭","560","26","18","13元","否","主食","酱香咸鲜","中餐;主食;荤菜;高蛋白","教工餐厅一楼"
"酱香鸭腿","240","18","14","8元","否","单点配菜","酱香咸鲜","中餐;小吃;荤菜;素菜;加料","教工餐厅一楼"
"酱香鸡腿","210","20","10","6元","否","单点配菜","酱香咸鲜","中餐;小吃;荤菜;素菜;加料;高蛋白;低热量","教工餐厅一楼"
"藤椒鸡排","280","16","15","6元","中辣","单点配菜","藤椒麻香","中餐;小吃;荤菜;素菜;炸鸡;加料","教工餐厅一楼"
"剁椒鸡蛋","140","7","10","2元","中辣","单点配菜","咸辣鲜香","中餐;小吃;蛋类;素菜;加料;低热量","教工餐厅一楼"
"酱香豆干","90","8","4","2元","否","单点配菜","酱香咸鲜","中餐;小吃;素菜;加料;低热量","教工餐厅一楼"
"招牌小笼包/笼","320","12","14","8元","否","主食","鲜美多汁","中餐;主食;包子","教工餐厅一楼"
"玉米鲜肉小笼包/笼","340","11","13","8元","否","主食","清甜咸鲜","中餐;主食;荤菜;素菜;包子","教工餐厅一楼"
"鲜肉蒸饺/笼","350","13","15","8元","否","主食","咸鲜浓郁","中餐;主食;荤菜","教工餐厅一楼"
"南方小馄饨","260","10","8","8元","否","主食","汤鲜味美","中餐;汤品;主食;面食;汤粥","教工餐厅一楼"
"紫菜蛋花汤/碗","45","3","2","4元","否","汤品","咸鲜清淡","中餐;汤品;小吃;蛋类;素菜;汤粥;加料;低热量","教工餐厅一楼"
"甜豆浆/碗","80","4","2","2元","否","饮品","清甜豆香","中餐;饮品;小吃;饮料;加料;低热量","教工餐厅一楼"
"招牌肉酱米线","520","18","16","12.9元","否","主食","酱香咸鲜","中餐;主食;米粉;荤菜;米线","教工餐厅一楼"
"百香果酸汤米线","480","14","10","12.9元","微辣","主食","酸辣开胃","中餐;饮品;汤品;主食;米粉;米线;果茶;汤粥;普通能量","教工餐厅一楼"
"肉酱干拌米线","540","19","18","12.9元","否","主食","酱香浓郁","中餐;主食;米粉;荤菜;米线","教工餐厅一楼"
"川味肉酱汤面","560","18","15","13.9元","中辣","主食","香辣咸鲜","中餐;汤品;主食;面食;荤菜;面条;汤面;汤粥","教工餐厅一楼"
"川味肉酱拌面","580","19","17","13.9元","中辣","主食","香辣浓郁","中餐;主食;面食;荤菜;面条;拌面","教工餐厅一楼"
"百香果酸汤吊龙米线","580","26","14","17元","微辣","主食","酸辣鲜美","中餐;饮品;汤品;主食;米粉;米线;果茶;汤粥;高蛋白;普通能量","教工餐厅一楼"
"招牌肉酱面","550","18","16","13.9元","否","主食","酱香咸鲜","中餐;主食;面食;荤菜","教工餐厅一楼"
"招牌肉酱拌面","570","19","18","13.9元","否","主食","酱香浓郁","中餐;主食;面食;荤菜;面条;拌面","教工餐厅一楼"
"川味肉酱拌米线","530","18","16","12.9元","中辣","主食","香辣浓郁","中餐;主食;米粉;荤菜;米线","教工餐厅一楼"
"川味肉酱汤米线","510","17","14","12.9元","中辣","主食","香辣咸鲜","中餐;汤品;主食;米粉;荤菜;米线;汤粥","教工餐厅一楼"
"招牌肉酱吊龙米线","620","30","20","17元","否","主食","酱香鲜美","中餐;主食;米粉;荤菜;米线;高蛋白;高脂","教工餐厅一楼"
"川味肉酱吊龙米线","630","30","21","17元","中辣","主食","香辣鲜美","中餐;主食;米粉;荤菜;米线;高蛋白;高脂","教工餐厅一楼"
"牛肉丸/份","120","14","6","3.5元","否","单点配菜","咸鲜弹牙","中餐;小吃;荤菜;素菜;加料;低热量","教工餐厅一楼"
"鲜切牛肉/份","150","22","5","6元","否","单点配菜","鲜嫩咸鲜","中餐;小吃;荤菜;素菜;加料;高蛋白;低热量","教工餐厅一楼"
"去油肥肠/份","210","14","16","6元","否","单点配菜","软糯香浓","中餐;小吃;荤菜;素菜;加料;低热量","教工餐厅一楼"
"鲜脆毛肚/份","90","15","2","6元","否","单点配菜","脆嫩鲜美","中餐;小吃;荤菜;素菜;加料;低热量","教工餐厅一楼"
"炸肉酱/份","180","8","15","6元","否","单点配菜","酱香咸浓","中餐;小吃;荤菜;素菜;加料;低热量","教工餐厅一楼"
"小酥肉/份","260","12","18","5元","否","单点配菜","酥脆咸香","中餐;小吃;荤菜;素菜;加料","教工餐厅一楼"
"里脊肉/份","140","20","4","4元","否","单点配菜","鲜嫩咸鲜","中餐;小吃;荤菜;素菜;加料;高蛋白;低热量","教工餐厅一楼"
"油条/份","250","4","17","3元","否","单点配菜","香酥油润","中餐;小吃;素菜;加料","教工餐厅一楼"
"炸蛋/份","160","7","14","3元","否","单点配菜","焦香吸汁","中餐;小吃;蛋类;素菜;加料;低热量","教工餐厅一楼"
"生菜/份","15","1","0","1.5元","否","单点配菜","清脆爽口","中餐;小吃;素菜;加料;低热量","教工餐厅一楼"
"煎蛋/份","120","7","9","2元","否","单点配菜","咸香油润","中餐;小吃;蛋类;素菜;加料;低热量","教工餐厅一楼"
"卤蛋/份","80","7","5","2元","否","单点配菜","酱香入味","中餐;小吃;蛋类;素菜;加料;低热量","教工餐厅一楼"
"臭豆腐味肉酱拌粉","510","16","15","13元","微辣","主食","独特性风味","中餐;主食;荤菜;素菜;炒粉","教工餐厅一楼"
"臭豆腐味肉酱米线","490","15","14","13元","微辣","主食","独特性风味","中餐;主食;米粉;荤菜;素菜;米线","教工餐厅一楼"
"葱油肉酱拌粉","530","17","18","13元","否","主食","葱香咸鲜","中餐;主食;荤菜;炒粉","教工餐厅一楼"
"椒麻肉酱拌粉","520","17","16","13元","中辣","主食","椒麻鲜香","中餐;主食;荤菜;炒粉","教工餐厅一楼"
"咸蛋黄肉酱拌粉","560","19","22","13元","否","主食","咸香浓郁","中餐;主食;荤菜;炒粉;高脂","教工餐厅一楼"
"麻汁肉酱拌粉","550","18","20","13元","否","主食","麻酱醇香","中餐;主食;荤菜;炒粉;高脂","教工餐厅一楼"
"麻辣烫","450","18","22","1.98元/两","中辣","主食","麻辣咸香","中餐;汤品;主食;火锅;高脂","教工餐厅一楼"
"麻辣拌","480","18","25","1.98元/两+1元","中辣","主食","麻辣酸甜","中餐;主食;高脂","教工餐厅一楼"
"麻辣香锅","550","22","35","1.98元/两+2元","高辣","主食","麻辣浓郁","中餐;主食;干锅;高蛋白;高脂","教工餐厅一楼"
"朝鲜冷面","420","12","3","16/份","否","主食","酸甜冰爽","中餐;主食;面食","教工餐厅二楼"
"金枪鱼寿司","320","14","6","16/份","否","主食","鲜美咸香","中餐;主食","教工餐厅二楼"
"蛋黄寿司","360","9","14","16/份","否","主食","咸香浓郁","中餐;主食","教工餐厅二楼"
"培根寿司","350","11","15","15/份","否","主食","烟熏咸香","中餐;主食;荤菜","教工餐厅二楼"
"紫菜寿司","280","6","4","12 元","否","主食","清淡咸鲜","中餐;主食;素菜","教工餐厅二楼"
"芝士寿司","340","10","12","14 元","否","主食","奶香咸甜","中餐;主食","教工餐厅二楼"
"牛肉火腿寿司","330","13","9","15/元","否","主食","咸香入味","中餐;主食;荤菜","教工餐厅二楼"
"芝士黑金燕麦","280","6","12","¥14","无","饮品","浓郁奶香","中餐;饮品;饮料;普通能量","教工餐厅二楼"
"芝士蜜桃草莓","260","5","10","¥16","无","饮品","酸甜果香","中餐;饮品;饮料;果茶;普通能量","教工餐厅二楼"
"超级热力橙","180","1","0.5","¥8","无","饮品","清甜柑橘","中餐;饮品;饮料;低热量","教工餐厅二楼"
"鲜柠白月光","120","0.5","0.2","¥8","无","饮品","酸甜清爽","中餐;饮品;饮料;低热量","教工餐厅二楼"
"百香橙多多","210","1.5","0.5","¥11","无","饮品","酸甜浓郁","中餐;饮品;饮料;低热量","教工餐厅二楼"
"经典杨枝甘露","320","3","6","¥15","无","饮品","香甜浓郁","中餐;饮品;饮料;普通能量","教工餐厅二楼"
"暖暖奶香玉米","240","4","5","¥10.8","无","饮品","奶香浓郁","中餐;饮品;饮料;普通能量","教工餐厅二楼"
"元气小吊梨","150","0.8","0.2","¥10.8","无","饮品","清润甘甜","中餐;饮品;饮料;低热量","教工餐厅二楼"
"茉莉鲜奶茶","190","4.5","4","¥12","无","饮品","清爽花香","中餐;饮品;饮料;奶茶;低热量","教工餐厅二楼"
"茉莉生椰鲜奶茶","230","4","8","¥13","无","饮品","椰香浓郁","中餐;饮品;饮料;奶茶;普通能量","教工餐厅二楼"
"鲜榨西瓜冰","140","1.2","0.3","¥16","无","饮品","清甜爽口","中餐;饮品;饮料;低热量","教工餐厅二楼"
"青瓜雪梨冰","110","1","0.2","¥16","无","饮品","清爽甘甜","中餐;饮品;饮料;低热量","教工餐厅二楼"
"凤梨鲜橙冰","160","1.5","0.4","¥16","无","饮品","酸甜多汁","中餐;饮品;饮料;果茶;低热量","教工餐厅二楼"
"满杯牛油果","340","4.5","24","¥16","无","饮品","细腻浓郁","中餐;饮品;饮料;高脂;普通能量","教工餐厅二楼"
"紫米牛油果","390","6","22","¥17","无","饮品","软糯浓郁","中餐;饮品;饮料;高脂;普通能量","教工餐厅二楼"
"碧根果牛油果","420","5.5","31","¥19","无","饮品","坚果醇香","中餐;饮品;饮料;高脂;普通能量","教工餐厅二楼"
"生椰牛油果","360","4","26","¥20","无","饮品","生椰清甜","中餐;饮品;饮料;高脂;普通能量","教工餐厅二楼"
"拉丝酸奶水果杯PLUS杯","450","12","14","¥21.8","无","饮品","酸甜丰富","中餐;饮品;饮料;酸奶;普通能量","教工餐厅二楼"
"拉丝酸奶水果杯MINI杯","280","7","8","¥14.8","无","饮品","酸甜丰富","中餐;饮品;饮料;酸奶;普通能量","教工餐厅二楼"
"经典酸奶紫米露","260","5.5","4","¥14","无","饮品","酸甜软糯","中餐;饮品;饮料;酸奶;普通能量","教工餐厅二楼"
"红枣酸奶紫米露","280","6","4","¥16","无","饮品","醇香浓郁","中餐;饮品;饮料;酸奶;普通能量","教工餐厅二楼"
"DIY自选拉丝酸奶水果捞","380","10","11","¥14.8","无","饮品","酸甜爽口","中餐;饮品;自选;饮料;酸奶;普通能量","教工餐厅二楼"
"满杯牛油果","340","4.5","24","RMB 16","无","饮品","细腻浓郁","中餐;饮品;饮料;高脂;普通能量","教工餐厅二楼"
"生椰牛油果","360","4","26","RMB 20","无","饮品","生椰清甜","中餐;饮品;饮料;高脂;普通能量","教工餐厅二楼"
"蜜恋夏日","160","0.6","0.2","RMB 6.8","无","饮品","酸甜清爽","中餐;饮品;饮料;低热量","教工餐厅二楼"
"生如夏花","150","0.5","0.1","RMB 6.8","无","饮品","清甜多汁","中餐;饮品;饮料;低热量","教工餐厅二楼"
"梦幻柠檬","130","0.4","0.1","RMB 6.8","无","饮品","柠檬酸甜","中餐;饮品;饮料;低热量","教工餐厅二楼"
"夏夜之梦","140","0.5","0.2","RMB 6.8","无","饮品","清爽怡人","中餐;饮品;饮料;低热量","教工餐厅二楼"
"蜜汁烤肉饭","650","28","18","16","0","主食","甜鲜","中餐;主食;荤菜;烤肉饭;高蛋白;高热量","教工餐厅二楼"
"糖醋烤肉饭","660","28","17","16","0","主食","酸甜","中餐;主食;荤菜;烤肉饭;高蛋白;高热量","教工餐厅二楼"
"沙拉烤肉饭","710","27","24","16","0","主食","香甜","中餐;主食;荤菜;烤肉饭;高蛋白;高脂;高热量","教工餐厅二楼"
"麻辣烤肉饭","680","28","21","16","3","主食","麻辣","中餐;主食;荤菜;烤肉饭;高蛋白;高脂;高热量","教工餐厅二楼"
"番茄烤肉饭","640","28","16","16","0","主食","酸甜","中餐;主食;荤菜;素菜;烤肉饭;高蛋白","教工餐厅二楼"
"甜辣烤肉饭","660","28","18","16","1","主食","甜辣","中餐;主食;荤菜;烤肉饭;高蛋白;高热量","教工餐厅二楼"
"椒香烤肉饭","670","28","20","16","1","主食","椒香","中餐;主食;荤菜;烤肉饭;高蛋白;高脂;高热量","教工餐厅二楼"
"蜂蜜芥末烤肉饭","720","27","25","16","0","主食","甜辣","中餐;主食;荤菜;烤肉饭;高蛋白;高脂;高热量","教工餐厅二楼"
"绝味烤肉饭","680","28","20","16","2","主食","咸香","中餐;主食;荤菜;烤肉饭;高蛋白;高脂;高热量","教工餐厅二楼"
"韩式烤肉饭","670","28","19","16","1","主食","甜辣","中餐;主食;荤菜;烤肉饭;高蛋白;高热量","教工餐厅二楼"
"孜然烤肉饭","660","29","19","16","0","主食","孜然","中餐;主食;荤菜;烤肉饭;高蛋白;高热量","教工餐厅二楼"
"香辣烤肉饭","680","28","21","16","2","主食","香辣","中餐;主食;荤菜;烤肉饭;高蛋白;高脂;高热量","教工餐厅二楼"
"千岛烤肉饭","700","27","23","16","0","主食","酸甜","中餐;主食;荤菜;烤肉饭;高蛋白;高脂;高热量","教工餐厅二楼"
"原味烤肉饭","630","29","16","16","0","主食","咸鲜","中餐;主食;荤菜;烤肉饭;高蛋白","教工餐厅二楼"
"黑椒烤肉饭","660","28","18","16","1","主食","黑椒","中餐;主食;荤菜;烤肉饭;高蛋白;高热量","教工餐厅二楼"
"奶香芝士烤肉饭","750","30","28","16","0","主食","奶香","中餐;主食;荤菜;烤肉饭;高蛋白;高脂;高热量","教工餐厅二楼"
"蜜汁脆皮鸡","720","25","26","16","0","主食","甜鲜","中餐;主食;荤菜;高蛋白;高脂;高热量","教工餐厅二楼"
"糖醋脆皮鸡","730","25","25","16","0","主食","酸甜","中餐;主食;荤菜;高蛋白;高脂;高热量","教工餐厅二楼"
"沙拉脆皮鸡","780","24","32","16","0","主食","香甜","中餐;主食;荤菜;高蛋白;高脂;高热量","教工餐厅二楼"
"麻辣脆皮鸡","750","25","29","16","3","主食","麻辣","中餐;主食;荤菜;高蛋白;高脂;高热量","教工餐厅二楼"
"番茄脆皮鸡","710","25","24","16","0","主食","酸甜","中餐;主食;荤菜;素菜;高蛋白;高脂;高热量","教工餐厅二楼"
"甜辣脆皮鸡","730","25","26","16","1","主食","甜辣","中餐;主食;荤菜;高蛋白;高脂;高热量","教工餐厅二楼"
"椒香脆皮鸡","740","25","28","16","1","主食","椒香","中餐;主食;荤菜;高蛋白;高脂;高热量","教工餐厅二楼"
"蜂蜜芥末脆皮鸡","790","24","33","16","0","主食","甜辣","中餐;主食;荤菜;高蛋白;高脂;高热量","教工餐厅二楼"
"绝味脆皮鸡","750","25","28","16","2","主食","咸香","中餐;主食;荤菜;高蛋白;高脂;高热量","教工餐厅二楼"
"韩式脆皮鸡","740","25","27","16","1","主食","甜辣","中餐;主食;荤菜;高蛋白;高脂;高热量","教工餐厅二楼"
"孜然脆皮鸡","730","26","27","16","0","主食","孜然","中餐;主食;荤菜;高蛋白;高脂;高热量","教工餐厅二楼"
"香辣脆皮鸡","750","25","29","16","2","主食","香辣","中餐;主食;荤菜;高蛋白;高脂;高热量","教工餐厅二楼"
"千岛脆皮鸡","770","24","31","16","0","主食","酸甜","中餐;主食;荤菜;高蛋白;高脂;高热量","教工餐厅二楼"
"原味脆皮鸡","700","26","24","16","0","主食","咸鲜","中餐;主食;荤菜;高蛋白;高脂;高热量","教工餐厅二楼"
"黑椒脆皮鸡","730","25","26","16","1","主食","黑椒","中餐;主食;荤菜;高蛋白;高脂;高热量","教工餐厅二楼"
"奶香芝士脆皮鸡","820","27","36","16","0","主食","奶香","中餐;主食;荤菜;高蛋白;高脂;高热量","教工餐厅二楼"
"蜜汁藤椒鸡排","580","22","22","14","1","主食","藤椒","中餐;主食;荤菜;炸鸡;高蛋白;高脂","教工餐厅二楼"
"沙拉藤椒鸡排","640","21","28","14","1","主食","香甜","中餐;主食;荤菜;炸鸡;高蛋白;高脂","教工餐厅二楼"
"甜辣藤椒鸡排","590","22","23","14","2","主食","甜辣","中餐;主食;荤菜;炸鸡;高蛋白;高脂","教工餐厅二楼"
"黑椒藤椒鸡排","590","22","22","14","2","主食","黑椒","中餐;主食;荤菜;炸鸡;高蛋白;高脂","教工餐厅二楼"
"自选称重菜","350","15","18","19.8","1","主食","复合","中餐;主食;自选;素菜","教工餐厅二楼"
"鸡丝滑蛋饭","620","32","18","15.8","0","主食","咸鲜","中餐;主食;蛋类;荤菜;滑蛋饭;高蛋白","教工餐厅二楼"
"奥尔良鸡丁滑蛋饭","650","30","20","17.8","1","主食","甜辣","中餐;主食;蛋类;荤菜;滑蛋饭;高蛋白;高脂;高热量","教工餐厅二楼"
"滑蛋火腿滑蛋饭","610","24","22","17.8","0","主食","咸香","中餐;主食;蛋类;荤菜;滑蛋饭;高蛋白;高脂","教工餐厅二楼"
"番茄火腿滑蛋饭","630","23","20","17.8","0","主食","酸甜","中餐;主食;蛋类;荤菜;素菜;滑蛋饭;高蛋白;高脂","教工餐厅二楼"
"虾仁滑蛋饭","580","34","14","19.8","0","主食","鲜美","中餐;主食;蛋类;荤菜;滑蛋饭;高蛋白","教工餐厅二楼"
"番茄虾仁滑蛋饭","600","33","13","19.8","0","主食","酸甜","中餐;主食;蛋类;荤菜;素菜;滑蛋饭;高蛋白","教工餐厅二楼"
"鸡肉培根滑蛋饭","680","28","26","14.8","0","主食","咸香","中餐;主食;蛋类;荤菜;滑蛋饭;高蛋白;高脂;高热量","教工餐厅二楼"
"鸡扒滑蛋饭","720","35","28","15.8","0","主食","咸鲜","中餐;主食;蛋类;荤菜;滑蛋饭;高蛋白;高脂;高热量","教工餐厅二楼"
"牛扒滑蛋饭","750","38","30","19.8","0","主食","黑椒","中餐;主食;蛋类;荤菜;滑蛋饭;高蛋白;高脂;高热量","教工餐厅二楼"
"牛肉滑蛋饭","660","34","22","19.8","0","主食","咸鲜","中餐;主食;蛋类;荤菜;滑蛋饭;高蛋白;高脂;高热量","教工餐厅二楼"
"番茄牛肉滑蛋饭","680","33","21","19.8","0","主食","酸甜","中餐;主食;蛋类;荤菜;素菜;滑蛋饭;高蛋白;高脂;高热量","教工餐厅二楼"
"黑椒鸡扒饭","700","32","25","14.8","1","主食","黑椒","中餐;主食;荤菜;扒饭;高蛋白;高脂;高热量","教工餐厅二楼"
"咖喱鸡扒饭","730","31","27","14.8","1","主食","咖喱","中餐;主食;荤菜;扒饭;高蛋白;高脂;高热量","教工餐厅二楼"
"番茄鸡扒饭","690","31","24","14.8","0","主食","酸甜","中餐;主食;荤菜;素菜;扒饭;高蛋白;高脂;高热量","教工餐厅二楼"
"奥尔良鸡扒饭","710","32","25","16.8","1","主食","甜辣","中餐;主食;荤菜;扒饭;高蛋白;高脂;高热量","教工餐厅二楼"
"牛扒饭","740","36","28","19.8","1","主食","黑椒","中餐;主食;荤菜;扒饭;高蛋白;高脂;高热量","教工餐厅二楼"
"培根饭(鸡肉)","640","22","24","12","0","主食","咸香","中餐;主食;荤菜;高蛋白;高脂","教工餐厅二楼"
"煎蛋","90","7","7","2","0","小吃","咸鲜","中餐;小吃;蛋类;低热量","教工餐厅二楼"
"黑椒牛扒饭","760","36","30","19.8","1","主食","黑椒","中餐;主食;荤菜;扒饭;高蛋白;高脂;高热量","教工餐厅二楼"
"咖喱牛扒饭","790","35","32","19.8","1","主食","咖喱","中餐;主食;荤菜;扒饭;高蛋白;高脂;高热量","教工餐厅二楼"
"番茄牛扒饭","750","35","29","19.8","0","主食","酸甜","中餐;主食;荤菜;素菜;扒饭;高蛋白;高脂;高热量","教工餐厅二楼"
"奥尔良黑椒鸡扒饭","720","32","26","16.8","1","主食","黑椒","中餐;主食;荤菜;扒饭;高蛋白;高脂;高热量","教工餐厅二楼"
"奥尔良咖喱鸡扒饭","750","31","28","16.8","1","主食","咖喱","中餐;主食;荤菜;扒饭;高蛋白;高脂;高热量","教工餐厅二楼"
"奥尔良番茄鸡扒饭","710","31","25","16.8","0","主食","酸甜","中餐;主食;荤菜;素菜;扒饭;高蛋白;高脂;高热量","教工餐厅二楼"
"奥尔良茶香鸡饭","650","30","18","16","1","主食","甜辣","中餐;主食;饮料;高蛋白;高热量","教工餐厅二楼"
"蜜汁茶香鸡饭","660","29","17","16","0","主食","甜鲜","中餐;主食;饮料;高蛋白;高热量","教工餐厅二楼"
"茉莉茶香鸡饭","620","29","15","16","0","主食","清鲜","中餐;饮品;主食;饮料;高蛋白;普通能量","教工餐厅二楼"
"自然茶香鸡饭","610","29","15","16","0","主食","咸鲜","中餐;主食;饮料;高蛋白","教工餐厅二楼"
"无骨番茄烤鱼饭","680","32","22","18","0","主食","酸甜","中餐;主食;荤菜;素菜;烤鱼;高蛋白;高脂;高热量","教工餐厅二楼"
"无骨香辣烤鱼饭","710","32","26","18","2","主食","香辣","中餐;主食;荤菜;烤鱼;高蛋白;高脂;高热量","教工餐厅二楼"
"无骨酱香烤鱼饭","690","32","24","18","0","主食","咸香","中餐;主食;荤菜;烤鱼;高蛋白;高脂;高热量","教工餐厅二楼"
"无骨麻辣烤鱼饭","720","32","27","18","3","主食","麻辣","中餐;主食;荤菜;烤鱼;高蛋白;高脂;高热量","教工餐厅二楼"
"招牌海南鸡饭","600","35","14","18","0","主食","清鲜","中餐;主食;高蛋白","教工餐厅二楼"
"海南鸭腿饭","680","28","24","17","0","主食","咸鲜","中餐;主食;荤菜;高蛋白;高脂;高热量","教工餐厅二楼"
"柠檬海南鸡饭","590","34","13","18","0","主食","酸甜","中餐;主食;高蛋白","教工餐厅二楼"
"泰式口水鸡饭","640","33","19","17","2","主食","酸辣","中餐;主食;荤菜;高蛋白","教工餐厅二楼"
"牛肉大葱水饺","420","18","14","14","0","主食","咸鲜","中餐;主食;面食;荤菜;饺子","教工餐厅二楼"
"牛肉香菇水饺","410","18","13","14","0","主食","咸鲜","中餐;主食;面食;荤菜;素菜;饺子","教工餐厅二楼"
"羊肉大葱水饺","440","17","16","15","0","主食","咸鲜","中餐;主食;面食;荤菜;饺子","教工餐厅二楼"
"牛肉萝卜水饺","390","18","11","14","0","主食","清甜","中餐;主食;面食;荤菜;饺子","教工餐厅二楼"
"韭菜鸡蛋水饺","350","12","12","12","0","主食","鲜美","中餐;主食;面食;蛋类;素菜;饺子","教工餐厅二楼"
"馄饨","280","10","8","8","0","汤品","咸鲜","中餐;汤品;面食;汤粥","教工餐厅二楼"
"黄焖鸡米饭","680","32","22","16","1","主食","咸香","中餐;主食;高蛋白;高脂;高热量","教工餐厅二楼"
"黄焖土豆肥牛","750","28","34","18","1","主食","酱香","中餐;主食;荤菜;素菜;高蛋白;高脂;高热量","教工餐厅二楼"
"黄焖娃娃菜肥牛","620","26","28","18","1","主食","酱香","中餐;主食;荤菜;素菜;高蛋白;高脂","教工餐厅二楼"
"黄焖豆腐","450","18","16","13","1","主食","咸香","中餐;主食;素菜","教工餐厅二楼"
"黄焖千叶豆腐","480","20","18","14","1","主食","咸香","中餐;主食;素菜;高蛋白","教工餐厅二楼"
"黄焖巴沙鱼","580","30","14","16","1","主食","鲜美","中餐;主食;荤菜;高蛋白","教工餐厅二楼"
"黄焖小酥肉","710","24","32","16","1","主食","咸香","中餐;主食;荤菜;高蛋白;高脂;高热量","教工餐厅二楼"
"黄焖金针菇肥牛","640","27","29","18","1","主食","酱香","中餐;主食;荤菜;素菜;高蛋白;高脂","教工餐厅二楼"
"单加鱼豆腐","120","6","6","2","0","小吃","咸鲜","中餐;小吃;素菜;加料;低热量","教工餐厅二楼"
"单加金针菇","35","2","0.3","2","0","小吃","清淡","中餐;小吃;素菜;加料;低热量","教工餐厅二楼"
"单加土豆","90","2","0.1","2","0","小吃","清淡","中餐;小吃;素菜;加料;低热量","教工餐厅二楼"
"单加千叶豆腐","80","7","4","2","0","小吃","咸香","中餐;小吃;素菜;加料;低热量","教工餐厅二楼"
"奥尔良茶香鸡","320","25","12","15元","否","主食","新奥尔良风味","中餐;主食;饮料;高蛋白","教工餐厅二楼"
"蜜汁茶香鸡","340","24","10","15元","否","主食","蜜汁甜香","中餐;主食;饮料;高蛋白","教工餐厅二楼"
"茉莉茶香鸡","290","25","8","16元","否","主食","清爽茶香","中餐;饮品;主食;饮料;高蛋白;普通能量","教工餐厅二楼"
"自然茶香鸡","300","25","9","15元","否","主食","咸香原味","中餐;主食;饮料;高蛋白","教工餐厅二楼"
"招牌海南鸡饭","550","28","15","16元","否","主食","鲜嫩清淡","中餐;主食;高蛋白","教工餐厅二楼"
"海南鸭腿饭","620","26","22","16元","否","主食","酱香浓郁","中餐;主食;荤菜;高蛋白;高脂","教工餐厅二楼"
"柠檬海南鸡饭","530","28","13","16元","否","主食","酸甜清爽","中餐;主食;高蛋白","教工餐厅二楼"
"泰式口水鸡饭","580","27","18","16元","是","主食","酸辣开胃","中餐;主食;荤菜;高蛋白","教工餐厅二楼"
"牛肉汤（粉丝+豆皮+牛肉片）","220","18","6","时价/以档口为准","否","汤品","咸鲜醇厚","中餐;汤品;荤菜;汤粥;低热量","教工餐厅二楼"
"牛杂汤（粉丝+豆皮+牛杂）","240","16","9","时价/以档口为准","否","汤品","醇香浓郁","中餐;汤品;汤粥","教工餐厅二楼"
"牛骨蛋花汤（高汤+鸡蛋）","150","8","7","时价/以档口为准","否","汤品","鲜美清爽","中餐;汤品;蛋类;汤粥;低热量","教工餐厅二楼"
"鸡丝汤（粉丝+豆皮+鸡丝+鹌鹑蛋）","260","20","8","时价/以档口为准","否","汤品","鲜美咸香","中餐;汤品;荤菜;汤粥;高蛋白","教工餐厅二楼"
"拆骨肉汤（粉丝+豆皮+拆骨肉汤）","280","19","12","时价/以档口为准","否","汤品","肉香浓郁","中餐;汤品;荤菜;汤粥","教工餐厅二楼"
"特色葱油饼","260","5","10","时价/以档口为准","否","主食","酥脆咸香","中餐;主食","教工餐厅二楼"
"五谷招牌鱼粉","450","22","10","15元","否","主食","咸鲜浓郁","中餐;主食;高蛋白","教工餐厅二楼"
"五谷原味鱼粉","430","22","9","15元","否","主食","清淡鲜美","中餐;主食;高蛋白","教工餐厅二楼"
"五谷酸辣鱼粉","460","22","11","15元","是","主食","酸辣开胃","中餐;主食;高蛋白","教工餐厅二楼"
"五谷麻辣鱼粉","480","22","13","15元","是","主食","麻辣浓郁","中餐;主食;高蛋白","教工餐厅二楼"
"五谷鸡沫粉","420","18","8","15元","否","主食","咸鲜适口","中餐;主食","教工餐厅二楼"
"五谷小酥肉粉","530","16","18","17元","否","主食","酥脆酱香","中餐;主食;荤菜","教工餐厅二楼"
"鲜香玉米粉","380","10","5","14元","否","主食","清甜鲜香","中餐;主食;米粉;素菜","教工餐厅二楼"
"五谷番茄鱼丸粉","440","15","8","15元","否","主食","酸甜鲜美","中餐;主食;荤菜;素菜","教工餐厅二楼"
"五谷番茄牛丸粉","460","18","10","15元","否","主食","番茄浓郁","中餐;主食;荤菜;素菜","教工餐厅二楼"
"五谷番茄鱼粉","460","22","9","16元","否","主食","酸甜开胃","中餐;主食;素菜;高蛋白","教工餐厅二楼"
"五谷番茄鸡沫粉","430","18","8","16元","否","主食","番茄鸡香","中餐;主食;素菜","教工餐厅二楼"
"五谷麻辣牛肉粉","510","24","14","18元","是","主食","麻辣鲜香","中餐;主食;荤菜;高蛋白","教工餐厅二楼"
"加青菜","20","1","0.1","2元","否","加料","清脆爽口","中餐;小吃;素菜;加料;低热量","教工餐厅二楼"
"加鱼肉丸","90","6","3","3元","否","加料","Q弹鲜美","中餐;小吃;荤菜;加料;低热量","教工餐厅二楼"
"加虎皮蛋","120","7","8","2元","否","加料","油炸香浓","中餐;小吃;加料;低热量","教工餐厅二楼"
"加小酥肉","150","5","11","6元","否","加料","香酥可口","中餐;小吃;荤菜;加料;低热量","教工餐厅二楼"
"加鱼豆腐","80","4","3","2元","否","加料","软嫩豆香","中餐;小吃;素菜;加料;低热量","教工餐厅二楼"
"加牛肉丸","110","8","5","3元","否","加料","紧实多汁","中餐;小吃;荤菜;加料;低热量","教工餐厅二楼"
"加龙利鱼","90","15","1.5","5元","否","加料","鲜嫩低脂","中餐;小吃;加料;低热量","教工餐厅二楼"
"加面","160","4","0.5","2元","否","加料","原味麦香","中餐;面食;小吃;加料;低热量","教工餐厅二楼"
"五谷招牌虾仁粉","440","20","8","18元","否","主食","鲜美清爽","中餐;主食;荤菜;高蛋白","教工餐厅二楼"
"五谷原味虾仁粉","420","20","7","18元","否","主食","原汁原味","中餐;主食;荤菜;高蛋白","教工餐厅二楼"
"五谷酸辣虾仁粉","450","20","9","18元","走","主食","酸辣爽口","中餐;主食;荤菜;高蛋白","教工餐厅二楼"
"五谷麻辣虾仁粉","470","20","11","18元","是","主食","麻辣过瘾","中餐;主食;荤菜;高蛋白","教工餐厅二楼"
"五谷招牌蟹棒粉","430","14","8","15元","否","主食","招牌咸鲜","中餐;主食;荤菜","教工餐厅二楼"
"五谷原味蟹棒粉","410","14","7","15元","否","主食","清爽蟹香","中餐;主食;荤菜","教工餐厅二楼"
"五谷酸辣蟹棒粉","440","14","9","15元","是","主食","酸辣蟹香","中餐;主食;荤菜","教工餐厅二楼"
"五谷麻辣蟹棒粉","460","14","11","15元","是","主食","麻辣入味","中餐;主食;荤菜","教工餐厅二楼"
"五谷招牌虾饺粉","460","16","10","16元","否","主食","鲜虾浓郁","中餐;主食;荤菜","教工餐厅二楼"
"五谷原味虾饺粉","440","16","9","16元","否","主食","清汤虾饺","中餐;汤品;主食;荤菜;汤粥","教工餐厅二楼"
"五谷酸辣虾饺粉","470","16","11","16元","是","主食","酸辣开胃","中餐;主食;荤菜","教工餐厅二楼"
"五谷麻辣虾饺粉","490","16","13","16元","是","主食","麻辣鲜香","中餐;主食;荤菜","教工餐厅二楼"
"五谷招牌蛋饺粉","470","17","12","16元","否","主食","蛋香肉醇","中餐;主食;荤菜","教工餐厅二楼"
"五谷原味蛋饺粉","450","17","11","16元","否","主食","清鲜蛋饺","中餐;主食","教工餐厅二楼"
"五谷酸辣蛋饺粉","480","17","13","16元","是","主食","酸辣解腻","中餐;主食","教工餐厅二楼"
"五谷麻辣蛋饺粉","500","17","15","16元","是","主食","麻辣浓香","中餐;主食","教工餐厅二楼"
"五谷招牌亲亲肠粉","460","15","14","15元","否","主食","肉香Q弹","中餐;主食;荤菜","教工餐厅二楼"
"五谷原味亲亲肠粉","440","15","13","15元","否","主食","原味醇香","中餐;主食","教工餐厅二楼"
"五谷酸辣亲亲肠粉","470","15","15","15元","是","主食","酸辣解腻","中餐;主食","教工餐厅二楼"
"五谷麻辣亲亲肠粉","490","15","17","15元","是","主食","麻辣浓郁","中餐;主食","教工餐厅二楼"
"加蟹棒","70","3","2","5元","否","加料","甜润蟹香","中餐;小吃;荤菜;加料;低热量","教工餐厅二楼"
"加虾饺","100","5","4","6元","否","加料","鲜美裹肉","中餐;小吃;荤菜;加料;低热量","教工餐厅二楼"
"加蟹排","90","4","3","5元","否","加料","咸香软嫩","中餐;小吃;荤菜;加料;低热量","教工餐厅二楼"
"加亲亲肠","110","4","8","5元","否","加料","Q弹多汁","中餐;小吃;加料;低热量","教工餐厅二楼"
"加蛋饺","110","6","7","5元","否","加料","醇厚蛋皮","中餐;小吃;加料;低热量","教工餐厅二楼"
"加面(粉可以换成面)","160","4","0.5","2元","否","加料","原味麦香","中餐;面食;小吃;面条;加料;低热量","教工餐厅二楼"
"五谷招牌蟹排粉","450","15","9","16元","否","主食","招牌咸香","中餐;主食;荤菜","教工餐厅二楼"
"五谷原味蟹排粉","430","15","8","16元","否","主食","原味清汤","中餐;汤品;主食;荤菜;汤粥","教工餐厅二楼"
"五谷酸辣蟹排粉","460","15","10","16元","是","主食","酸辣鲜美","中餐;主食;荤菜","教工餐厅二楼"
"五谷麻辣蟹排粉","480","15","12","16元","是","主食","麻辣浓郁","中餐;主食;荤菜","教工餐厅二楼"
"酸汤羊肉粉","520","24","18","18元","是","主食","酸辣浓郁","中餐;汤品;主食;荤菜;汤粥;高蛋白","教工餐厅二楼"
"酸汤肥牛粉","540","22","22","19元","是","主食","酸辣爽口","中餐;汤品;主食;荤菜;汤粥;高蛋白;高脂","教工餐厅二楼"
"牛肉汤（粉条+豆皮+牛肉）","220","18","6","14元","否","汤品","咸鲜醇厚","中餐;汤品;荤菜;汤粥;低热量","教工餐厅二楼"
"拆骨肉汤（粉条+豆皮+拆骨肉汤）","280","19","12","14元","否","汤品","肉香浓郁","中餐;汤品;荤菜;汤粥","教工餐厅二楼"
"鸡丝汤（粉条+豆皮+鸡丝+鹌鹑蛋）","260","20","8","13元","否","汤品","鲜美咸香","中餐;汤品;荤菜;汤粥;高蛋白","教工餐厅二楼"
"牛杂汤（粉条+豆皮+牛杂）","240","16","9","12元","否","汤品","醇香浓郁","中餐;汤品;汤粥","教工餐厅二楼"
"牛骨蛋花汤（高汤+鸡蛋）","150","8","7","10元","否","汤品","鲜美清爽","中餐;汤品;蛋类;汤粥;低热量","教工餐厅二楼"
"特色葱油饼","260","5","10","2元/份","否","主食","酥脆咸香","中餐;主食","教工餐厅二楼"
"牛肉（单加）","90","15","3","6/份","否","加料","鲜美紧实","中餐;小吃;荤菜;加料;低热量","教工餐厅二楼"
"牛杂（单加）","80","12","4","3/份","否","加料","醇香有嚼劲","中餐;小吃;加料;低热量","教工餐厅二楼"
"鸡丝（单加）","70","14","1.5","3/份","否","加料","鲜嫩低脂","中餐;小吃;荤菜;加料;低热量","教工餐厅二楼"
"白萝卜（单加）","15","0.5","0.1","2元/份","否","加料","清甜多汁","中餐;小吃;加料;低热量","教工餐厅二楼"
"蛋花（单加）","70","6","5","2元","否","加料","蛋香软嫩","中餐;小吃;蛋类;加料;低热量","教工餐厅二楼"
"鹌鹑蛋（单加）","45","4","3.5","2元3个","否","加料","小巧香浓","中餐;小吃;加料;低热量","教工餐厅二楼"
"豆皮（单加）","60","6","3.5","2元","否","加料","豆香浓郁","中餐;小吃;加料;低热量","教工餐厅二楼"
"粉条（单加）","120","0.5","0.1","2元","否","加料","Q弹爽滑","中餐;小吃;加料;低热量","教工餐厅二楼"
"素拌面","420","10","12","10元","否","主食","麻酱咸香","中餐;主食;面食;素菜;面条;拌面","教工餐厅二楼"
"西红柿鸡蛋拌面","480","14","15","13元","否","主食","酸甜可口","中餐;主食;面食;蛋类;面条;拌面","教工餐厅二楼"
"剁椒鸡蛋拌面","510","15","18","13元","是","主食","鲜辣咸香","中餐;主食;面食;蛋类;面条;拌面","教工餐厅二楼"
"香菇鸡块拌面","550","23","16","16元","否","主食","菌香浓郁","中餐;主食;面食;小吃;荤菜;素菜;面条;拌面;炸鸡;高蛋白","教工餐厅二楼"
"鲜香鸡腿拌面","570","25","17","16元","否","主食","鲜嫩咸香","中餐;主食;面食;荤菜;面条;拌面;高蛋白","教工餐厅二楼"
"香辣鸡胗拌面","530","23","14","16元","是","主食","香辣脆爽","中餐;主食;面食;面条;拌面;高蛋白","教工餐厅二楼"
"炸酱拌面","560","18","20","15元","否","主食","酱香浓郁","中餐;主食;面食;面条;拌面;高脂","教工餐厅二楼"
"笋丝拌面","450","11","13","15元","否","主食","清鲜咸香","中餐;主食;面食;素菜;面条;拌面","教工餐厅二楼"
"鸡丝拌面","500","22","14","16元","否","主食","鲜美咸香","中餐;主食;面食;荤菜;面条;拌面;高蛋白","教工餐厅二楼"
"牛肉拌面","580","26","18","18元","否","主食","酱香肉醇","中餐;主食;面食;荤菜;面条;拌面;高蛋白","教工餐厅二楼"
"牛杂拌面","560","23","19","17元","否","主食","醇厚有嚼劲","中餐;主食;面食;面条;拌面;高蛋白","教工餐厅二楼"
"肥牛拌面","620","22","25","18元","否","主食","油润香浓","中餐;主食;面食;荤菜;面条;拌面;高蛋白;高脂","教工餐厅二楼"
"素刀削面","380","9","5","9元","否","主食","面香清淡","中餐;主食;面食;素菜;面条","教工餐厅二楼"
"西红柿鸡蛋刀削面","440","13","11","12元","否","主食","酸甜鲜美","中餐;主食;面食;蛋类;面条","教工餐厅二楼"
"剁椒鸡蛋刀削面","470","14","14","12元","是","主食","酸辣咸香","中餐;主食;面食;蛋类;面条","教工餐厅二楼"
"香菇鸡块刀削面","510","22","12","15元","否","主食","菌香醇厚","中餐;主食;面食;小吃;荤菜;素菜;面条;炸鸡;高蛋白","教工餐厅二楼"
"鲜香鸡腿刀削面","530","24","13","15元","否","主食","鲜嫩多汁","中餐;主食;面食;荤菜;面条;高蛋白","教工餐厅二楼"
"香辣鸡胗刀削面","490","22","10","15元","是","主食","香辣开胃","中餐;主食;面食;面条;高蛋白","教工餐厅二楼"
"炸酱刀削面","520","17","16","14元","否","主食","咸鲜酱香","中餐;主食;面食;面条","教工餐厅二楼"
"碗杂刀削面","540","18","15","14元","是","主食","酱香绵软","中餐;主食;面食;面条","教工餐厅二楼"
"笋丝刀削面","410","10","6","14元","否","主食","笋丝清脆","中餐;主食;面食;素菜;面条","教工餐厅二楼"
"牛肉刀削面","550","25","13","17元","否","主食","肉香浓郁","中餐;主食;面食;荤菜;面条;高蛋白","教工餐厅二楼"
"牛杂刀削面","530","22","14","16元","否","主食","醇香入味","中餐;主食;面食;面条;高蛋白","教工餐厅二楼"
"肥牛刀削面","590","21","21","17元","否","主食","肥牛香浓","中餐;主食;面食;荤菜;面条;高蛋白;高脂","教工餐厅二楼"
"素小面","360","9","5","9元","否","主食","麻辣清爽","中餐;主食;面食;素菜;面条","教工餐厅二楼"
"西红柿鸡蛋面","420","13","11","12元","否","主食","汤鲜酸甜","中餐;汤品;主食;面食;蛋类;汤粥","教工餐厅二楼"
"剁椒鸡蛋面","450","14","14","12元","是","主食","汤头酸辣","中餐;汤品;主食;面食;蛋类;汤粥","教工餐厅二楼"
"香菇鸡块面","490","22","12","15元","否","主食","鸡汤醇厚","中餐;汤品;主食;面食;小吃;荤菜;素菜;汤粥;炸鸡;高蛋白","教工餐厅二楼"
"鲜香鸡腿面","510","24","13","15元","否","主食","鲜美咸香","中餐;主食;面食;荤菜;高蛋白","教工餐厅二楼"
"香辣鸡胗面","470","22","10","15元","是","主食","香辣爽口","中餐;主食;面食;高蛋白","教工餐厅二楼"
"鸡丝小面","460","21","11","15元","否","主食","清汤鲜美","中餐;汤品;主食;面食;荤菜;面条;汤粥;高蛋白","教工餐厅二楼"
"炸酱面","500","17","16","14元","否","主食","拌酱浓郁","中餐;主食;面食","教工餐厅二楼"
"碗杂面","520","18","15","14元","是","主食","酱浓豌绵","中餐;主食;面食","教工餐厅二楼"
"笋丝面","390","10","6","14元","否","主食","清鲜适口","中餐;主食;面食;素菜","教工餐厅二楼"
"牛肉面","530","25","13","17元","否","主食","牛肉醇香","中餐;主食;面食;荤菜;高蛋白","教工餐厅二楼"
"牛杂面","510","22","14","16元","否","主食","风味独特","中餐;主食;面食;高蛋白","教工餐厅二楼"
"肥牛面","570","21","21","17元","否","主食","汤头油润","中餐;汤品;主食;面食;荤菜;汤粥;高蛋白;高脂","教工餐厅二楼"
"兰花串","90","5","4","2元","否","小吃","咸鲜入味","中餐;小吃;低热量","教工餐厅二楼"
"台湾烤肠","180","6","14","3元","否","小吃","香脆油润","中餐;小吃;低热量","教工餐厅二楼"
"可乐鸡块饭","580","26","14","16元","否","主食","甜香浓郁","中餐;饮品;主食;小吃;饮料;炸鸡;高蛋白;普通能量","教工餐厅二楼"
"招牌烧鸭饭","640","24","26","18元","否","主食","皮脆油润","中餐;主食;荤菜;高蛋白;高脂","教工餐厅二楼"
"特色辣子鸡丁饭","560","25","18","16元","是","主食","麻辣香脆","中餐;主食;荤菜;高蛋白","教工餐厅二楼"
"风味白切鸡米饭","510","28","12","16元","否","主食","鲜嫩清淡","中餐;主食;高蛋白","教工餐厅二楼"
"香辣干锅鸡","590","27","20","16元","是","主食","香辣干香","中餐;主食;干锅;高蛋白;高脂","教工餐厅二楼"
"椒麻手撕鸡饭","530","28","14","16元","是","主食","椒麻鲜香","中餐;主食;高蛋白","教工餐厅二楼"
"香辣口水鸡米饭","560","27","16","16元","是","主食","红油酸辣","中餐;主食;荤菜;高蛋白","教工餐厅二楼"
"孜然爆炒鸡丁饭","550","25","15","16元","否","主食","孜然浓郁","中餐;主食;荤菜;高蛋白","教工餐厅二楼"
"香酥烤鸭腿饭","610","23","24","14元","否","主食","外酥里嫩","中餐;主食;荤菜;高蛋白;高脂","教工餐厅二楼"
"香酥烤鸡腿饭","540","26","16","16元","否","主食","咸香油润","中餐;主食;荤菜;高蛋白","教工餐厅二楼"
"烤琵琶腿饭","520","25","13","14元","否","主食","酱香入味","中餐;主食;高蛋白","教工餐厅二楼"
"鸡肉炒米粉","480","22","12","15元","否","主食","酱香咸鲜","中餐;主食;米粉;荤菜;炒粉;高蛋白","教工餐厅二楼"
"鸡肉酸菜炒米粉","500","22","13","16元","是","主食","酸辣开胃","中餐;主食;米粉;荤菜;素菜;炒粉;高蛋白","教工餐厅二楼"
"鸡肉多菜炒米粉","460","21","11","17元","否","主食","清鲜咸香","中餐;主食;米粉;荤菜;素菜;炒粉;高蛋白","教工餐厅二楼"
"纯素菜炒米粉","380","8","9","13元","否","主食","清爽适口","中餐;主食;米粉;素菜;炒粉","教工餐厅二楼"
"牛肉炒米粉","520","24","14","18元","否","主食","肉香浓郁","中餐;主食;米粉;荤菜;炒粉;高蛋白","教工餐厅二楼"
"牛肉酸菜炒米粉","540","24","15","19元","是","主食","酸辣鲜香","中餐;主食;米粉;荤菜;素菜;炒粉;高蛋白","教工餐厅二楼"
"牛肉多菜炒米粉","500","23","13","20元","否","主食","鲜美爽口","中餐;主食;米粉;荤菜;素菜;炒粉;高蛋白","教工餐厅二楼"
"火锅丸子炒米粉","510","12","16","15元","否","主食","咸香浓郁","中餐;主食;米粉;炒粉;火锅","教工餐厅二楼"
"鸡肉炒馕","550","24","15","17元","否","主食","酱香扎实","中餐;主食;荤菜;高蛋白","教工餐厅二楼"
"鸡肉酸菜炒馕","570","24","16","18元","是","主食","酸辣浓香","中餐;主食;荤菜;素菜;高蛋白","教工餐厅二楼"
"鸡肉多菜炒馕","530","23","14","19元","否","主食","鲜香适口","中餐;主食;荤菜;素菜;高蛋白","教工餐厅二楼"
"纯素菜炒馕","450","10","12","15元","否","主食","油润咸香","中餐;主食;素菜","教工餐厅二楼"
"牛肉炒馕","590","26","17","20元","否","主食","肉香四溢","中餐;主食;荤菜;高蛋白","教工餐厅二楼"
"牛肉酸菜炒馕","610","26","18","21元","是","主食","酸辣肉香","中餐;主食;荤菜;素菜;高蛋白","教工餐厅二楼"
"牛肉多菜炒馕","570","25","16","22元","否","主食","鲜咸扎实","中餐;主食;荤菜;素菜;高蛋白","教工餐厅二楼"
"火锅丸子炒馕","580","14","19","17元","否","主食","咸浓味厚","中餐;主食;火锅","教工餐厅二楼"
"火锅鸡","680","32","28","18.9元","是","主食","麻辣浓郁","中餐;主食;火锅;高蛋白;高脂;高热量","教工餐厅二楼"
"招牌蜀香鸡饭","580","26","16","19.9元","是","主食","蜀香咸辣","中餐;主食;高蛋白","教工餐厅二楼"
"湖南小炒鸡饭","560","25","15","19.9元","是","主食","香辣爽口","中餐;主食;小炒;高蛋白","教工餐厅二楼"
"鲍汁茄子饭","380","6","14","12.9元","否","主食","鲍汁鲜甜","中餐;主食;素菜","教工餐厅二楼"
"川辣豆花炸鸡饭","650","24","26","17.9元","是","主食","香辣嫩滑","中餐;主食;荤菜;素菜;炸鸡;高蛋白;高脂;高热量","教工餐厅二楼"
"乐山辣子鸡饭","590","26","18","16.9元","是","主食","麻辣干香","中餐;主食;高蛋白","教工餐厅二楼"
"大阪照烧鸡肉饭","560","25","14","16.9元","否","主食","照烧甜咸","中餐;主食;荤菜;高蛋白","教工餐厅二楼"
"韩式时蔬拌饭","420","10","8","15.9元","否","主食","甜辣清爽","中餐;主食;素菜;拌饭","教工餐厅二楼"
"双蛋海苔拌饭","480","15","12","15.9元","否","主食","咸香浓郁","中餐;主食;拌饭","教工餐厅二楼"
"意式番茄炸鸡饭","630","22","24","17.9元","否","主食","酸甜浓郁","中餐;主食;荤菜;素菜;炸鸡;高蛋白;高脂","教工餐厅二楼"
"东印咖喱炸鸡饭","660","23","27","17.9元","否","主食","咖喱醇香","中餐;主食;荤菜;炸鸡;高蛋白;高脂;高热量","教工餐厅二楼"
"川辣豆花饭","320","12","10","13.9元","是","主食","麻辣鲜嫩","中餐;主食;素菜;拌饭","教工餐厅二楼"
"双拼辣子鸡+番茄炒蛋+辣白菜","520","20","16","15.9元","是","主食","酸辣咸甜","中餐;主食;自选;蛋类;素菜;小炒;高蛋白","教工餐厅二楼"
"双拼照烧鸡+蟹柳茄子+辣白菜","540","21","18","15.9元","是","主食","甜咸鲜香","中餐;主食;自选;荤菜;素菜;高蛋白","教工餐厅二楼"
"双拼金牌酱鸭+咖喱土豆+辣白菜","580","18","22","15.9元","是","主食","酱香咖喱","中餐;主食;自选;荤菜;素菜;高脂","教工餐厅二楼"
"照烧鸡+蟹柳茄子+咖喱土豆","620","22","24","16.9元","否","主食","丰富醇厚","中餐;主食;荤菜;素菜;高蛋白;高脂","教工餐厅二楼"
"辣子鸡+番茄炒蛋+蟹柳茄子","550","22","18","16.9元","是","主食","香辣酸甜","中餐;主食;蛋类;荤菜;素菜;小炒;高蛋白","教工餐厅二楼"
"辣子鸡+照烧鸡+蟹柳茄子","640","28","24","17.9元","是","主食","浓郁双鸡","中餐;主食;荤菜;素菜;高蛋白;高脂","教工餐厅二楼"
"金牌酱鸭+辣子鸡+番茄炒蛋","660","26","26","17.9元","是","主食","咸鲜香辣","中餐;主食;蛋类;荤菜;素菜;小炒;高蛋白;高脂;高热量","教工餐厅二楼"
"拉面(小)","350","12","3","8元","否","汤面","咸鲜","中餐;汤品;面食;面条;汤面;汤粥","教工餐厅二楼"
"拉面(大)","500","17","4","10元","否","汤面","咸鲜","中餐;汤品;面食;面条;汤面;汤粥","教工餐厅二楼"
"拉面加肉(小)","450","22","12","18元","否","汤面","咸鲜","中餐;汤品;面食;小吃;荤菜;面条;汤面;汤粥;高蛋白","教工餐厅二楼"
"拉面加肉(大)","600","27","13","20元","否","汤面","咸鲜","中餐;汤品;面食;小吃;荤菜;面条;汤面;汤粥;高蛋白","教工餐厅二楼"
"孜然肉片拌面(小)","580","24","18","14元","微辣","拌面","孜然香辣","中餐;面食;荤菜;面条;拌面;高蛋白","教工餐厅二楼"
"孜然肉片拌面(大)","750","30","22","18元","微辣","拌面","孜然香辣","中餐;面食;荤菜;面条;拌面;高蛋白;高脂;高热量","教工餐厅二楼"
"大盘鸡拌面(小)","550","25","15","12元","微辣","拌面","香辣咸鲜","中餐;面食;面条;拌面;高蛋白","教工餐厅二楼"
"大盘鸡拌面(大)","720","32","19","18元","微辣","拌面","香辣咸鲜","中餐;面食;面条;拌面;高蛋白;高热量","教工餐厅二楼"
"小炒肉拌面(小)","600","22","25","14元","中辣","拌面","香辣咸鲜","中餐;面食;荤菜;面条;拌面;小炒;高蛋白;高脂","教工餐厅二楼"
"小炒肉拌面(大)","780","28","30","18元","中辣","拌面","香辣咸鲜","中餐;面食;荤菜;面条;拌面;小炒;高蛋白;高脂;高热量","教工餐厅二楼"
"西红柿鸡蛋拌面(小)","480","15","12","12元","否","拌面","酸甜咸鲜","中餐;面食;蛋类;面条;拌面","教工餐厅二楼"
"西红柿鸡蛋拌面(大)","650","20","15","15元","否","拌面","酸甜咸鲜","中餐;面食;蛋类;面条;拌面;高蛋白;高热量","教工餐厅二楼"
"辣皮子拌面(小)","520","14","14","16元","中辣","拌面","香辣咸鲜","中餐;面食;面条;拌面","教工餐厅二楼"
"辣皮子拌面(大)","690","18","18","19.9元","中辣","拌面","香辣咸鲜","中餐;面食;面条;拌面;高热量","教工餐厅二楼"
"新疆拌面(小)","560","22","16","14元","微辣","拌面","咸鲜香辣","中餐;面食;面条;拌面;高蛋白","教工餐厅二楼"
"新疆拌面(大)","730","28","20","18元","微辣","拌面","咸鲜香辣","中餐;面食;面条;拌面;高蛋白;高脂;高热量","教工餐厅二楼"
"双拼拌面","750","26","22","18元","微辣","拌面","复合咸鲜","中餐;面食;自选;面条;拌面;高蛋白;高脂;高热量","教工餐厅二楼"
"椒麻鸡拌面","620","28","16","18元","麻辣","拌面","椒麻香辣","中餐;面食;面条;拌面;高蛋白","教工餐厅二楼"
"土豆牛肉拌面","680","26","18","19.9元","微辣","拌面","咸鲜酱香","中餐;面食;荤菜;素菜;面条;拌面;高蛋白;高热量","教工餐厅二楼"
"茶鸡蛋","75","6","5","1.5元/个","否","小吃","卤香","中餐;小吃;蛋类;饮料;低热量","教工餐厅二楼"
"孜然肉片盖饭","650","25","20","16元","微辣","盖饭","孜然香辣","中餐;主食;荤菜;盖饭;高蛋白;高脂;高热量","教工餐厅二楼"
"小份牛肉","220","30","10","10元","否","酱卤","咸鲜","中餐;小吃;荤菜;高蛋白;低热量","教工餐厅二楼"
"大盘鸡盖饭","620","26","16","16元","微辣","盖饭","香辣咸鲜","中餐;主食;盖饭;高蛋白","教工餐厅二楼"
"西红柿鸡蛋盖饭","550","16","14","14元","否","盖饭","酸甜咸鲜","中餐;主食;蛋类;盖饭","教工餐厅二楼"
"椒麻鸡盖饭","650","30","18","17元","麻辣","盖饭","椒麻香辣","中餐;主食;盖饭;高蛋白;高热量","教工餐厅二楼"
"小炒肉盖饭","680","23","28","16元","中辣","盖饭","香辣咸鲜","中餐;主食;荤菜;盖饭;小炒;高蛋白;高脂;高热量","教工餐厅二楼"
"土豆牛肉盖饭","700","28","20","18元","微辣","盖饭","咸鲜酱香","中餐;主食;荤菜;素菜;盖饭;高蛋白;高脂;高热量","教工餐厅二楼"
"双拼盖饭","720","26","24","16元","微辣","盖饭","复合咸鲜","中餐;主食;自选;盖饭;高蛋白;高脂;高热量","教工餐厅二楼"
"羊排抓饭","780","32","28","22元","否","抓饭","鲜香浓郁","中餐;主食;高蛋白;高脂;高热量","教工餐厅二楼"
"素手抓饭","500","8","12","14元","否","抓饭","清甜咸鲜","中餐;主食;素菜","教工餐厅二楼"
"碎肉抓饭","720","25","24","16元","否","抓饭","鲜香浓郁","中餐;主食;荤菜;高蛋白;高脂;高热量","教工餐厅二楼"
"肉夹馍","380","16","15","10元","否","面点","咸鲜酱香","中餐;面食;荤菜;包子","教工餐厅二楼"
"芹菜(单加小料)","15","1","0.1","2元","否","小料","清爽","中餐;小吃;素菜;加料;低热量","教工餐厅二楼"
"酸菜(单加小料)","20","0.5","0.2","2元","否","小料","酸咸","中餐;小吃;素菜;加料;低热量","教工餐厅二楼"
"金针菇(单加小料)","30","2","0.3","2元","否","小料","鲜嫩","中餐;小吃;素菜;加料;低热量","教工餐厅二楼"
"土豆丝(单加小料)","80","2","0.1","2元","否","小料","原味","中餐;小吃;素菜;加料;低热量","教工餐厅二楼"
"亲亲肠(单加小料)","120","5","10","2元","否","小料","咸鲜","中餐;小吃;加料;低热量","教工餐厅二楼"
"甜不辣(单加小料)","90","4","4","2元","否","小料","鲜甜","中餐;小吃;加料;低热量","教工餐厅二楼"
"牛肉丸(单加小料)","80","6","5","2元","否","小料","肉香","中餐;小吃;荤菜;加料;低热量","教工餐厅二楼"
"蟹排(单加小料)","70","4","2","2元","否","小料","鲜甜","中餐;小吃;荤菜;加料;低热量","教工餐厅二楼"
"米粉(单加小料)","150","3","0.2","2元","否","小料","原味","中餐;米粉;小吃;炒粉;加料;低热量","教工餐厅二楼"
"鸡肉(单加小料)","110","18","3","3元","否","小料","鲜嫩","中餐;小吃;荤菜;加料;低热量","教工餐厅二楼"
"宽粉(单加小料)","160","1","0.2","3元","否","小料","原味","中餐;米粉;小吃;炒粉;加料;低热量","教工餐厅二楼"
"加馕(单加小料)","220","6","1.5","3元","否","小料","面香","中餐;面食;小吃;加料;低热量","教工餐厅二楼"
"年糕(单加小料)","180","3","0.5","5元","否","小料","软糯","中餐;小吃;加料;低热量","教工餐厅二楼"
"牛肉(单加小料)","130","22","4","6元","否","小料","酱香","中餐;小吃;荤菜;加料;高蛋白;低热量","教工餐厅二楼"
"鸡肉炒宽粉","650","28","15","17元","可选","炒宽粉","咸鲜香辣","中餐;米粉;荤菜;炒粉;高蛋白;高热量","教工餐厅二楼"
"鸡肉酸菜炒宽粉","630","26","14","18元","可选","炒宽粉","酸辣咸鲜","中餐;米粉;荤菜;素菜;炒粉;高蛋白","教工餐厅二楼"
"鸡肉多菜炒宽粉","600","27","13","19元","可选","炒宽粉","咸鲜香辣","中餐;米粉;荤菜;素菜;炒粉;高蛋白","教工餐厅二楼"
"纯素菜炒宽粉","450","8","8","15元","可选","炒宽粉","咸鲜香辣","中餐;米粉;素菜;炒粉","教工餐厅二楼"
"牛肉炒宽粉","680","32","16","20元","可选","炒宽粉","酱香咸鲜","中餐;米粉;荤菜;炒粉;高蛋白;高热量","教工餐厅二楼"
"牛肉酸菜炒宽粉","660","30","15","21元","可选","炒宽粉","酸辣酱香","中餐;米粉;荤菜;素菜;炒粉;高蛋白;高热量","教工餐厅二楼"
"牛肉多菜炒宽粉","630","31","14","22元","可选","炒宽粉","酱香咸鲜","中餐;米粉;荤菜;素菜;炒粉;高蛋白","教工餐厅二楼"
"火锅丸子炒宽粉","680","15","22","17元","可选","炒宽粉","咸鲜浓郁","中餐;米粉;炒粉;火锅;高脂;高热量","教工餐厅二楼"
"粉馕双拼鸡炒","750","32","18","17元","可选","双拼炒","咸鲜香辣","中餐;自选;小炒;高蛋白;高热量","教工餐厅二楼"
"粉馕双拼牛炒","780","36","19","20元","可选","双拼炒","酱香咸鲜","中餐;自选;小炒;高蛋白;高热量","教工餐厅二楼"
"年糕米粉双拼鸡炒","720","28","14","18元","可选","双拼炒","香辣软糯","中餐;米粉;自选;小炒;高蛋白;高热量","教工餐厅二楼"
"年糕米粉双拼牛炒","750","32","15","21元","可选","双拼炒","酱香软糯","中餐;米粉;自选;小炒;高蛋白;高热量","教工餐厅二楼"
"宽粉+馕+粉鸡炒","780","30","16","20元","可选","双拼炒","复合咸鲜","中餐;米粉;自选;小炒;高蛋白;高热量","教工餐厅二楼"
"全家福鸡炒米粉","850","35","25","22元","可选","双拼炒","浓郁香辣","中餐;米粉;自选;炒粉;小炒;高蛋白;高脂;高热量","教工餐厅二楼"
"招牌蜀香鸡","580","32","22","19.9","3","荤菜","咸鲜香辣","中餐;荤菜;素菜;高蛋白;高脂","教工餐厅二楼"
"双拼组合 1.辣子鸡+番茄炒蛋+辣白菜","520","24","18","15.9","2","荤素拼盘","酸甜微辣","中餐;自选;蛋类;素菜;小炒;高蛋白","教工餐厅二楼"
"双拼组合 2.照烧鸡+蟹柳茄子+辣白菜","540","26","20","15.9","1","荤素拼盘","酱香微辣","中餐;自选;荤菜;素菜;高蛋白;高脂","教工餐厅二楼"
"双拼组合 3.金牌酱鸭+咖喱土豆+辣白菜","560","22","24","15.9","1","荤素拼盘","咸甜浓郁","中餐;自选;荤菜;素菜;高蛋白;高脂","教工餐厅二楼"
"多拼组合 1.辣子鸡+番茄炒蛋+蟹柳茄子","620","28","22","16.9","2","荤素拼盘","多味复合","中餐;自选;蛋类;荤菜;素菜;小炒;高蛋白;高脂","教工餐厅二楼"
"多拼组合 2.照烧鸡+蟹柳茄子+咖喱土豆","650","29","24","16.9","0","荤素拼盘","酱香浓郁","中餐;自选;荤菜;素菜;高蛋白;高脂;高热量","教工餐厅二楼"
"多拼组合 1.辣子鸡+照烧鸡+蟹柳茄子","680","34","26","17.9","2","荤素拼盘","咸辣酱香","中餐;自选;荤菜;素菜;高蛋白;高脂;高热量","教工餐厅二楼"
"多拼组合 2.金牌酱鸭+辣子鸡+番茄炒蛋","690","32","28","17.9","2","荤素拼盘","鲜辣咸甜","中餐;自选;蛋类;荤菜;素菜;小炒;高蛋白;高脂;高热量","教工餐厅二楼"
"韩式时蔬拌饭","420","14","10","15.9","1","主食拌饭","酸辣清爽","中餐;主食;素菜;拌饭","教工餐厅二楼"
"双蛋海苔拌饭","480","18","14","15.9","0","主食拌饭","海苔咸香","中餐;主食;拌饭","教工餐厅二楼"
"东印咖喱炸鸡饭","720","28","30","17.9","0","炸鸡盖饭","咖喱浓郁","中餐;主食;荤菜;盖饭;炸鸡;高蛋白;高脂;高热量","教工餐厅二楼"
"川辣豆花炸鸡饭","710","30","28","17.9","3","炸鸡盖饭","麻辣鲜烫","中餐;主食;荤菜;素菜;盖饭;炸鸡;高蛋白;高脂;高热量","教工餐厅二楼"
"意式番茄炸鸡饭","680","26","26","17.9","0","炸鸡盖饭","酸甜浓郁","中餐;主食;荤菜;素菜;盖饭;炸鸡;高蛋白;高脂;高热量","教工餐厅二楼"
"川辣豆花饭","510","18","16","14.9","3","盖浇饭","麻辣鲜香","中餐;主食;素菜;盖饭;拌饭","教工餐厅二楼"
"乐山辣子鸡肉饭","580","25","22","16.9","3","盖浇饭","香辣干香","中餐;主食;荤菜;盖饭;高蛋白;高脂","教工餐厅二楼"
"大阪照烧鸡肉饭","590","26","20","16.9","0","盖浇饭","酱香微甜","中餐;主食;荤菜;盖饭;高蛋白;高脂","教工餐厅二楼"
"鲍汁蟹柳茄子饭","460","12","15","14.9","0","盖浇饭","鲍汁鲜美","中餐;主食;荤菜;素菜;盖饭","教工餐厅二楼"
"湖南小炒鸡肉饭","560","26","21","19.9","3","盖浇饭","香辣开胃","中餐;主食;荤菜;盖饭;小炒;高蛋白;高脂","教工餐厅二楼"
"蜜汁藤椒鸡排","520","24","18","14","1","藤椒鸡排","鲜甜微麻","中餐;荤菜;炸鸡;高蛋白","教工餐厅二楼"
"沙拉藤椒鸡排","550","23","22","14","1","藤椒鸡排","沙拉酱香","中餐;荤菜;炸鸡;高蛋白;高脂","教工餐厅二楼"
"甜辣藤椒鸡排","530","24","18","14","2","藤椒鸡排","甜辣开胃","中餐;荤菜;炸鸡;高蛋白","教工餐厅二楼"
"黑椒藤椒鸡排","510","25","17","14","2","藤椒鸡排","黑椒浓郁","中餐;荤菜;炸鸡;高蛋白","教工餐厅二楼"
"原味烤肉饭","580","26","20","16","0","烤肉饭","咸香原味","中餐;主食;荤菜;烤肉饭;高蛋白;高脂","教工餐厅二楼"
"孜然烤肉饭","590","26","21","16","1","烤肉饭","孜然浓郁","中餐;主食;荤菜;烤肉饭;高蛋白;高脂","教工餐厅二楼"
"沙拉烤肉饭","630","25","26","16","0","烤肉饭","香甜滑顺","中餐;主食;荤菜;烤肉饭;高蛋白;高脂","教工餐厅二楼"
"番茄烤肉饭","590","26","20","16","0","烤肉饭","酸甜可口","中餐;主食;荤菜;素菜;烤肉饭;高蛋白;高脂","教工餐厅二楼"
"叉烧烤肉饭","610","27","22","16","0","烤肉饭","咸甜酱香","中餐;主食;荤菜;烤肉饭;高蛋白;高脂","教工餐厅二楼"
"蜜汁烤肉饭","600","26","21","16","0","烤肉饭","蜜汁清甜","中餐;主食;荤菜;烤肉饭;高蛋白;高脂","教工餐厅二楼"
"糖醋烤肉饭","610","25","20","16","0","烤肉饭","酸甜浓郁","中餐;主食;荤菜;烤肉饭;高蛋白;高脂","教工餐厅二楼"
"椒香烤肉饭","590","26","21","16","2","烤肉饭","麻香微辣","中餐;主食;荤菜;烤肉饭;高蛋白;高脂","教工餐厅二楼"
"韩式烤肉饭","600","26","22","16","1","烤肉饭","甜辣酱香","中餐;主食;荤菜;烤肉饭;高蛋白;高脂","教工餐厅二楼"
"绝味烤肉饭","620","27","23","16","2","烤肉饭","咸辣浓郁","中餐;主食;荤菜;烤肉饭;高蛋白;高脂","教工餐厅二楼"
"香辣烤肉饭","600","26","22","16","3","烤肉饭","香辣过瘾","中餐;主食;荤菜;烤肉饭;高蛋白;高脂","教工餐厅二楼"
"麻辣烤肉饭","610","26","23","16","3","烤肉饭","麻辣鲜香","中餐;主食;荤菜;烤肉饭;高蛋白;高脂","教工餐厅二楼"
"黑椒烤肉饭","590","27","21","16","2","烤肉饭","黑椒辛辣","中餐;主食;荤菜;烤肉饭;高蛋白;高脂","教工餐厅二楼"
"千岛烤肉饭","630","25","26","16","0","烤肉饭","千岛酸甜","中餐;主食;荤菜;烤肉饭;高蛋白;高脂","教工餐厅二楼"
"甜辣烤肉饭","600","26","21","16","2","烤肉饭","甜辣适口","中餐;主食;荤菜;烤肉饭;高蛋白;高脂","教工餐厅二楼"
"咖喱烤肉饭","620","26","24","16","0","烤肉饭","咖喱醇厚","中餐;主食;荤菜;烤肉饭;高蛋白;高脂","教工餐厅二楼"
"奶香芝士烤肉饭","660","28","28","16","0","烤肉饭","芝士浓郁","中餐;主食;荤菜;烤肉饭;高蛋白;高脂;高热量","教工餐厅二楼"
"蜂蜜芥末烤肉饭","640","25","27","16","0","烤肉饭","芥末香甜","中餐;主食;荤菜;烤肉饭;高蛋白;高脂","教工餐厅二楼"
"蒜香酱油烤肉饭","590","27","21","16","0","烤肉饭","蒜香酱浓","中餐;主食;荤菜;烤肉饭;高蛋白;高脂","教工餐厅二楼"
"琥珀炸鸡烤肉饭","680","28","29","16","1","烤肉饭","甜辣酥脆","中餐;主食;荤菜;烤肉饭;炸鸡;高蛋白;高脂;高热量","教工餐厅二楼"
"原味脆皮鸡饭","640","24","28","16","0","脆皮鸡饭","酥脆咸香","中餐;主食;荤菜;脆皮鸡饭;高蛋白;高脂","教工餐厅二楼"
"孜然脆皮鸡饭","650","24","29","16","1","脆皮鸡饭","孜然风味","中餐;主食;荤菜;脆皮鸡饭;高蛋白;高脂;高热量","教工餐厅二楼"
"蜜汁脆皮鸡饭","660","24","28","16","0","脆皮鸡饭","甜润酥脆","中餐;主食;荤菜;脆皮鸡饭;高蛋白;高脂;高热量","教工餐厅二楼"
"沙拉脆皮鸡饭","690","23","34","16","0","脆皮鸡饭","沙拉浓郁","中餐;主食;荤菜;脆皮鸡饭;高蛋白;高脂;高热量","教工餐厅二楼"
"番茄脆皮鸡饭","650","24","28","16","0","脆皮鸡饭","酸甜解腻","中餐;主食;荤菜;素菜;脆皮鸡饭;高蛋白;高脂;高热量","教工餐厅二楼"
"叉烧脆皮鸡饭","670","25","30","16","0","脆皮鸡饭","酱香甜咸","中餐;主食;荤菜;脆皮鸡饭;高蛋白;高脂;高热量","教工餐厅二楼"
"糖醋脆皮鸡饭","670","23","28","16","0","脆皮鸡饭","酸甜开胃","中餐;主食;荤菜;脆皮鸡饭;高蛋白;高脂;高热量","教工餐厅二楼"
"椒香脆皮鸡饭","650","24","29","16","2","脆皮鸡饭","麻香酥脆","中餐;主食;荤菜;脆皮鸡饭;高蛋白;高脂;高热量","教工餐厅二楼"
"韩式脆皮鸡饭","660","24","30","16","1","脆皮鸡饭","韩式甜辣","中餐;主食;荤菜;脆皮鸡饭;高蛋白;高脂;高热量","教工餐厅二楼"
"绝味脆皮鸡饭","680","25","31","16","2","脆皮鸡饭","香浓味厚","中餐;主食;荤菜;脆皮鸡饭;高蛋白;高脂;高热量","教工餐厅二楼"
"香辣脆皮鸡饭","660","24","30","16","3","脆皮鸡饭","香辣过瘾","中餐;主食;荤菜;脆皮鸡饭;高蛋白;高脂;高热量","教工餐厅二楼"
"麻辣脆皮鸡饭","670","24","31","16","3","脆皮鸡饭","麻辣干香","中餐;主食;荤菜;脆皮鸡饭;高蛋白;高脂;高热量","教工餐厅二楼"
"黑椒脆皮鸡饭","650","25","29","16","2","脆皮鸡饭","黑椒香浓","中餐;主食;荤菜;脆皮鸡饭;高蛋白;高脂;高热量","教工餐厅二楼"
"千岛脆皮鸡饭","690","23","34","16","0","脆皮鸡饭","千岛风味","中餐;主食;荤菜;脆皮鸡饭;高蛋白;高脂;高热量","教工餐厅二楼"
"甜辣脆皮鸡饭","660","24","30","16","2","脆皮鸡饭","甜辣酥脆","中餐;主食;荤菜;脆皮鸡饭;高蛋白;高脂;高热量","教工餐厅二楼"
"咖喱脆皮鸡饭","680","24","32","16","0","脆皮鸡饭","咖喱浓郁","中餐;主食;荤菜;脆皮鸡饭;高蛋白;高脂;高热量","教工餐厅二楼"
"奶香芝士脆皮鸡饭","720","26","36","16","0","脆皮鸡饭","奶香浓郁","中餐;主食;荤菜;脆皮鸡饭;高蛋白;高脂;高热量","教工餐厅二楼"
"蜂蜜芥末脆皮鸡饭","700","23","35","16","0","脆皮鸡饭","香甜微辛","中餐;主食;荤菜;脆皮鸡饭;高蛋白;高脂;高热量","教工餐厅二楼"
"蒜香酱油脆皮鸡饭","650","25","29","16","0","脆皮鸡饭","蒜香四溢","中餐;主食;荤菜;脆皮鸡饭;高蛋白;高脂;高热量","教工餐厅二楼"
"琥珀脆皮鸡饭","690","24","31","16","1","脆皮鸡饭","琥珀甜辣","中餐;主食;荤菜;脆皮鸡饭;高蛋白;高脂;高热量","教工餐厅二楼"
"招牌卤肉饭","650","22","28","16元","否","主食","咸甜;酱香","中餐;主食;荤菜;高蛋白;高脂;高热量","教工餐厅四楼"
"卤汁肉肠饭","680","18","32","15元","否","主食","咸香;酱香","中餐;主食;荤菜;高脂;高热量","教工餐厅四楼"
"椒麻鸡拼饭","580","26","16","15元","中辣","主食","麻辣;鲜香","中餐;主食;高蛋白","教工餐厅四楼"
"椒麻香肉拼饭","620","20","24","15元","中辣","主食","麻辣;浓郁","中餐;主食;荤菜;高蛋白;高脂","教工餐厅四楼"
"卤汁鸭腿拼饭","600","24","20","15元","否","主食","咸香;酱香","中餐;主食;荤菜;高蛋白;高脂","教工餐厅四楼"
"椒麻脆骨拼饭","590","19","22","15元","中辣","主食","麻辣;爽脆","中餐;主食;高脂","教工餐厅四楼"
"滑香鸡肉拼饭","550","25","14","15元","否","主食","鲜香;滑嫩","中餐;主食;荤菜;高蛋白","教工餐厅四楼"
"卤汁素鸡拼饭","480","18","15","14元","否","主食","咸香;酱香","中餐;主食;素菜","教工餐厅四楼"
"卤汁鸡腿拼饭","580","26","15","15元","否","主食","咸香;酱香","中餐;主食;荤菜;高蛋白","教工餐厅四楼"
"椒麻鸭拼饭","610","23","22","15元","中辣","主食","麻辣;鲜香","中餐;主食;荤菜;高蛋白;高脂","教工餐厅四楼"
"卤汁鸡排拼饭","630","22","20","15元","否","主食","咸香;酱香","中餐;主食;荤菜;炸鸡;高蛋白;高脂","教工餐厅四楼"
"招牌猪肘饭","720","28","35","18元","否","主食","酱香;浓郁","中餐;主食;荤菜;高蛋白;高脂;高热量","教工餐厅四楼"
"卤汁豆干饭","450","16","12","11元","否","主食","咸香;酱香","中餐;主食","教工餐厅四楼"
"椒麻藕片饭","420","6","10","11元","中辣","主食","麻辣;清脆","中餐;主食;素菜","教工餐厅四楼"
"肥牛饭","680","24","26","18元","否","主食","咸甜;酱香","中餐;主食;荤菜;高蛋白;高脂;高热量","教工餐厅四楼"
"卤汁茄子饭","460","5","18","11元","否","主食","咸香;油润","中餐;主食;素菜","教工餐厅四楼"
"卤汁腐竹饭双拼","490","18","14","12元","否","主食","咸香;酱香","中餐;主食;自选;素菜","教工餐厅四楼"
"孜然火腿鱼豆腐饭","580","15","18","14元","微辣","主食","孜然;鲜香","中餐;主食;荤菜;素菜","教工餐厅四楼"
"可乐鸡翅根饭","620","22","20","15元","否","主食","甜咸;酱香","中餐;饮品;主食;饮料;高蛋白;高脂;普通能量","教工餐厅四楼"
"椒麻培根拼饭","660","16","28","14元","中辣","主食","麻辣;烟熏","中餐;主食;荤菜;高脂;高热量","教工餐厅四楼"
"奥尔良孜然鸡丁饭","560","24","14","15元","微辣","主食","奥尔良;孜然","中餐;主食;荤菜;高蛋白","教工餐厅四楼"
"椒麻土豆片饭","460","6","11","11元","中辣","主食","麻辣;软糯","中餐;主食;素菜","教工餐厅四楼"
"香炒肉饭","640","20","26","15元","微辣","主食","咸香;炒香","中餐;主食;荤菜;高蛋白;高脂","教工餐厅四楼"
"鸡蛋火腿饭","550","14","18","12元","否","主食","咸香","中餐;主食;蛋类;荤菜","教工餐厅四楼"
"香酥鸡排","280","12","16","6元/个","否","加料","酥脆;咸香","中餐;小吃;荤菜;炸鸡;加料","教工餐厅四楼"
"卤鸭腿","180","18","10","8元/个","否","加料","咸香;酱香","中餐;小吃;荤菜;加料;低热量","教工餐厅四楼"
"炸鱼排","220","10","12","3元/个","否","加料","酥脆;鲜香","中餐;小吃;加料;低热量","教工餐厅四楼"
"卤豆腐干","90","7","5","3元/个","否","加料","咸香;酱香","中餐;小吃;素菜;加料;低热量","教工餐厅四楼"
"卤鸡腿","160","18","8","8元/1个","否","加料","咸香;酱香","中餐;小吃;荤菜;加料;低热量","教工餐厅四楼"
"卤鸡蛋","80","7","5","1.5元/个","否","加料","咸香;酱香","中餐;小吃;蛋类;加料;低热量","教工餐厅四楼"
"重庆酸辣粉","380","5","12","10元/份","中辣","主食","酸辣","中餐;主食","教工餐厅四楼"
"杂酱酸辣粉","480","12","18","13元/份","中辣","主食","酸辣;咸香","中餐;主食","教工餐厅四楼"
"老麻抄手(小份)","420","15","14","10元/10个","重辣","主食","麻辣;浓郁","中餐;主食","教工餐厅四楼"
"老麻抄手(大份)","580","22","20","13元/15个","重辣","主食","麻辣;浓郁","中餐;主食;高蛋白;高脂","教工餐厅四楼"
"红油抄手(小份)","410","15","15","10元/10个","中辣","主食","香辣;微甜","中餐;主食","教工餐厅四楼"
"红油抄手(大份)","570","22","21","13元/15个","中辣","主食","香辣;微甜","中餐;主食;高蛋白;高脂","教工餐厅四楼"
"清汤抄手(小份)","360","15","9","10元/10个","否","主食","鲜香;清淡","中餐;汤品;主食;汤粥","教工餐厅四楼"
"清汤抄手(大份)","510","22","13","13元/15个","否","主食","鲜香;清淡","中餐;汤品;主食;汤粥;高蛋白","教工餐厅四楼"
"羊汤素粉(小份)","320","8","6","10元","否","主食","鲜香;清淡","中餐;汤品;主食;荤菜;素菜;炒粉;汤粥","教工餐厅四楼"
"羊汤素粉(大份)","420","10","8","11元","否","主食","鲜香;清淡","中餐;汤品;主食;荤菜;素菜;炒粉;汤粥","教工餐厅四楼"
"笋尖羊汤粉(小份)","340","9","6","12元","否","主食","鲜香;清脆","中餐;汤品;主食;荤菜;素菜;炒粉;汤粥","教工餐厅四楼"
"笋尖羊汤粉(大份)","440","11","8","13元","否","主食","鲜香;清脆","中餐;汤品;主食;荤菜;素菜;炒粉;汤粥","教工餐厅四楼"
"杂酱羊汤粉(小份)","490","16","16","13元","微辣","主食","咸香;浓郁","中餐;汤品;主食;荤菜;炒粉;汤粥","教工餐厅四楼"
"杂酱羊汤粉(大份)","610","21","20","14元","微辣","主食","咸香;浓郁","中餐;汤品;主食;荤菜;炒粉;汤粥;高蛋白;高脂","教工餐厅四楼"
"鸡丝羊汤粉(小份)","410","18","8","13元","否","主食","鲜香;清淡","中餐;汤品;主食;荤菜;炒粉;汤粥","教工餐厅四楼"
"鸡丝羊汤粉(大份)","530","24","11","14元","否","主食","鲜香;清淡","中餐;汤品;主食;荤菜;炒粉;汤粥;高蛋白","教工餐厅四楼"
"原味羊肉粉(小份)","450","20","12","15元","微辣","主食","鲜香;醇厚","中餐;主食;荤菜;炒粉;高蛋白","教工餐厅四楼"
"原味羊肉粉(大份)","580","26","15","16元","微辣","主食","鲜香;醇厚","中餐;主食;荤菜;炒粉;高蛋白","教工餐厅四楼"
"羊杂粉(小份)","460","22","14","16元","微辣","主食","鲜香;风味","中餐;主食;炒粉;高蛋白","教工餐厅四楼"
"羊杂粉(大份)","590","28","17","17元","微辣","主食","鲜香;风味","中餐;主食;炒粉;高蛋白","教工餐厅四楼"
"秘制酸汤羊肉粉(小份)","480","20","13","16元","微辣","主食","酸辣;鲜美","中餐;汤品;主食;荤菜;炒粉;汤粥;高蛋白","教工餐厅四楼"
"秘制酸汤羊肉粉(大份)","610","26","16","17元","微辣","主食","酸辣;鲜美","中餐;汤品;主食;荤菜;炒粉;汤粥;高蛋白","教工餐厅四楼"
"混合肉杂粉(小份)","520","24","16","18元","微辣","主食","鲜香;浓郁","中餐;主食;荤菜;炒粉;高蛋白","教工餐厅四楼"
"混合肉杂粉(大份)","660","30","20","19元","微辣","主食","鲜香;浓郁","中餐;主食;荤菜;炒粉;高蛋白;高脂;高热量","教工餐厅四楼"
"羊肉汤饭(小份)","550","22","13","20元","微辣","主食","鲜香;醇厚","中餐;汤品;主食;荤菜;汤粥;高蛋白","教工餐厅四楼"
"羊肉汤饭(大份)","720","28","16","24元","微辣","主食","鲜香;醇厚","中餐;汤品;主食;荤菜;汤粥;高蛋白;高热量","教工餐厅四楼"
"加肉","120","12","8","6元/份","否","加料","鲜香","中餐;小吃;荤菜;加料;低热量","教工餐厅四楼"
"加杂","130","14","9","6元/份","否","加料","风味","中餐;小吃;加料;低热量","教工餐厅四楼"
"豆腐","60","5","3","2元/份","否","加料","豆香;清淡","中餐;小吃;素菜;加料;低热量","教工餐厅四楼"
"卤蛋","80","7","5","1.5元/个","否","加料","咸香","中餐;小吃;蛋类;加料;低热量","教工餐厅四楼"
"老陕油泼面","580","12","18","10元/份","中辣","主食","油香;酸辣","中餐;主食;面食","教工餐厅四楼"
"肉沫炸酱面","620","16","22","12元/份","否","主食","咸香;酱香","中餐;主食;面食;荤菜;高脂","教工餐厅四楼"
"香辣剁椒面","560","11","15","12元/份","中辣","主食","咸辣;鲜香","中餐;主食;面食","教工餐厅四楼"
"肉块干拌面","650","22","24","13元/份","微辣","主食","咸香;浓郁","中餐;主食;面食;荤菜;面条;拌面;高蛋白;高脂;高热量","教工餐厅四楼"
"肉块鸡汤面","580","24","16","13元/份","否","主食","鲜香;清淡","中餐;汤品;主食;面食;荤菜;面条;汤面;汤粥;高蛋白","教工餐厅四楼"
"香菇鸡块面","590","23","17","13元/份","否","主食","鲜香;菌香","中餐;主食;面食;小吃;荤菜;素菜;炸鸡;高蛋白","教工餐厅四楼"
"双味二合一","640","15","20","14元/份","微辣","主食","复合风味;咸香","中餐;主食;高脂","教工餐厅四楼"
"精品三合一","680","18","22","15元/份","微辣","主食","复合风味;浓郁","中餐;主食;高脂;高热量","教工餐厅四楼"
"红烧牛肉面","630","25","18","16元/份","微辣","主食","鲜香;醇厚","中餐;主食;面食;荤菜;高蛋白","教工餐厅四楼"
"网红爆肚面","610","26","14","16元/份","中辣","主食","麻辣;鲜香","中餐;主食;面食;高蛋白","教工餐厅四楼"
"香辣排骨面","660","22","25","16元/份","中辣","主食","香辣;浓郁","中餐;主食;面食;荤菜;高蛋白;高脂;高热量","教工餐厅四楼"
"腊汁肉夹馍","450","18","20","8元","否","主食","咸香;肉香","中餐;主食;荤菜;高脂","教工餐厅四楼"
"红油米皮","380","6","12","8元/份","中辣","主食","酸辣;香辣","中餐;主食","教工餐厅四楼"
"三秦套餐","980","32","36","14元/份","中辣","主食","复合风味","中餐;主食;套餐;高蛋白;高脂;高热量","教工餐厅四楼"
"砂锅刀削面","550","12","14","12元","微辣","主食","鲜香;滚烫","中餐;汤品;主食;面食;面条;汤粥","教工餐厅四楼"
"砂锅土豆粉","480","8","12","12元","微辣","主食","鲜香;软糯","中餐;汤品;主食;米粉;素菜;土豆粉;汤粥","教工餐厅四楼"
"砂锅方便面","520","10","18","12元","微辣","主食","香辣;油润","中餐;汤品;主食;面食;汤粥","教工餐厅四楼"
"砂锅麻花","560","9","19","12元","微辣","主食","鲜香;油润","中餐;汤品;主食;汤粥","教工餐厅四楼"
"砂锅排骨","620","24","22","16元","微辣","主食","鲜香;浓郁","中餐;汤品;主食;荤菜;汤粥;高蛋白;高脂","教工餐厅四楼"
"砂锅肥牛","640","22","26","16元","微辣","主食","鲜香;醇厚","中餐;汤品;主食;荤菜;汤粥;高蛋白;高脂","教工餐厅四楼"
"砂锅毛血旺","680","25","32","18元","重辣","主食","麻辣;浓郁","中餐;汤品;主食;荤菜;汤粥;高蛋白;高脂;高热量","教工餐厅四楼"
"卤蛋","80","7","5","1.5元","否","加料","咸香","中餐;小吃;蛋类;加料;低热量","教工餐厅四楼"
"海带结","35","1","1","1元","否","加料","咸香","中餐;小吃;素菜;加料;低热量","教工餐厅四楼"
"豆皮结","70","6","3","1元","否","加料","咸香","中餐;小吃;加料;低热量","教工餐厅四楼"
"香肠","150","5","12","1.5元","否","加料","咸甜","中餐;小吃;加料;低热量","教工餐厅四楼"
"番茄鸡蛋盖饭","520","14","16","10元","否","主食","酸甜;鲜香","中餐;主食;蛋类;素菜;盖饭","教工餐厅四楼"
"地三鲜盖饭","580","8","22","10元","否","主食","咸香;油润","中餐;主食;盖饭;高脂","教工餐厅四楼"
"尖椒鸡蛋盖饭","510","13","18","12元","微辣","主食","鲜辣;咸香","中餐;主食;蛋类;盖饭","教工餐厅四楼"
"肉沫茄子盖饭","610","12","26","12元","否","主食","咸香;酱香","中餐;主食;荤菜;素菜;盖饭;高脂","教工餐厅四楼"
"鱼香肉丝盖饭","630","18","22","14元","微辣","主食","酸辣;甜咸","中餐;主食;荤菜;盖饭;高脂","教工餐厅四楼"
"尖椒肉丝盖饭","620","20","21","14元","中辣","主食","鲜辣;咸香","中餐;主食;荤菜;盖饭;高蛋白;高脂","教工餐厅四楼"
"川味小炒肉盖饭","660","22","25","15元","中辣","主食","麻辣;咸香","中餐;主食;荤菜;盖饭;小炒;高蛋白;高脂;高热量","教工餐厅四楼"
"木须肉盖饭","560","18","19","15元","否","主食","鲜香;清淡","中餐;主食;荤菜;盖饭","教工餐厅四楼"
"老干妈回锅肉盖饭","720","21","34","15元","微辣","主食","酱香;咸辣","中餐;主食;荤菜;盖饭;高蛋白;高脂;高热量","教工餐厅四楼"
"香辣肉丝盖饭","640","19","24","15元","中辣","主食","香辣;咸香","中餐;主食;荤菜;盖饭;高脂","教工餐厅四楼"
"糖醋里脊盖饭","690","22","22","16元","否","主食","酸甜;酥嫩","中餐;主食;盖饭;高蛋白;高脂;高热量","教工餐厅四楼"
"老干妈烧鸡柳盖饭","650","23","20","16元","微辣","主食","咸辣;酱香","中餐;主食;荤菜;盖饭;高蛋白;高脂;高热量","教工餐厅四楼"
"香辣鸡柳盖饭","640","22","21","16元","中辣","主食","香辣;咸香","中餐;主食;荤菜;盖饭;高蛋白;高脂","教工餐厅四楼"
"照烧鸡腿饭盖饭","620","25","18","16元","否","主食","甜咸;酱香","中餐;主食;荤菜;盖饭;高蛋白","教工餐厅四楼"
"京酱肉丝盖饭","660","21","24","16元","否","主食","酱香;微甜","中餐;主食;荤菜;盖饭;高蛋白;高脂;高热量","教工餐厅四楼"
"蛋炒肉盖饭","630","20","22","16元","否","主食","咸香","中餐;主食;荤菜;盖饭;高蛋白;高脂","教工餐厅四楼"
"火腿鸡蛋盖饭","570","15","20","16元","否","主食","咸香","中餐;主食;蛋类;荤菜;盖饭;高脂","教工餐厅四楼"
"皮蛋肉丝盖饭","590","19","21","16元","否","主食","鲜香;独特","中餐;主食;荤菜;盖饭;高脂","教工餐厅四楼"
"番茄滑蛋牛柳","580","26","16","18元","否","主食","酸甜;滑嫩","中餐;主食;蛋类;荤菜;素菜;高蛋白","教工餐厅四楼"
"黑椒牛柳盖饭","610","25","18","18元","微辣","主食","黑椒;浓郁","中餐;主食;荤菜;盖饭;高蛋白","教工餐厅四楼"
"滑蛋牛肉盖饭","590","26","17","18元","否","主食","鲜香;滑嫩","中餐;主食;蛋类;荤菜;盖饭;高蛋白","教工餐厅四楼"
"孜然牛肉盖饭","620","25","20","18元","微辣","主食","孜然;香辣","中餐;主食;荤菜;盖饭;高蛋白;高脂","教工餐厅四楼"
"重庆辣子鸡盖饭","680","22","26","18元","重辣","主食","麻辣;酥脆","中餐;主食;盖饭;高蛋白;高脂;高热量","教工餐厅四楼"
"肘子黄豆盖饭","750","28","32","18元","否","主食","酱香;浓郁","中餐;主食;荤菜;盖饭;高蛋白;高脂;高热量","教工餐厅四楼"
"白斩鸡盖饭","560","28","14","18元","否","主食","鲜美;清淡","中餐;主食;荤菜;盖饭;高蛋白","教工餐厅四楼"
"尖椒肉丝(精品小炒)","420","22","24","18元","中辣","炒菜","鲜辣;咸香","中餐;荤菜;素菜;小炒;高蛋白;高脂","教工餐厅四楼"
"川味小炒肉(精品小炒)","480","24","28","20元","中辣","炒菜","麻辣;猪肉香","中餐;荤菜;素菜;小炒;高蛋白;高脂","教工餐厅四楼"
"鱼香肉丝(精品小炒)","440","20","24","18元","微辣","炒菜","酸辣;甜咸","中餐;荤菜;素菜;小炒;高蛋白;高脂","教工餐厅四楼"
"大盘鸡(精品小炒)","550","32","20","22元","微辣","炒菜","鲜辣;醇厚","中餐;素菜;小炒;高蛋白;高脂","教工餐厅四楼"
"豆花肉片(精品小炒)","460","26","22","22元","微辣","炒菜","鲜香;滑嫩","中餐;荤菜;素菜;小炒;高蛋白;高脂","教工餐厅四楼"
"水煮牛肉(精品小炒)","580","35","30","25元","重辣","炒菜","麻辣;浓郁","中餐;荤菜;素菜;小炒;高蛋白;高脂","教工餐厅四楼"
"番茄巴沙鱼(精品小炒)","360","26","10","26元","否","炒菜","酸甜;鲜嫩","中餐;荤菜;素菜;小炒;高蛋白","教工餐厅四楼"
"酸菜鱼(精品小炒)","420","28","16","26元","微辣","炒菜","酸辣;鲜美","中餐;荤菜;素菜;小炒;高蛋白","教工餐厅四楼"
"水煮鱼(精品小炒)","520","28","28","26元","重辣","炒菜","麻辣;油润","中餐;素菜;小炒;高蛋白;高脂","教工餐厅四楼"
"干锅土豆片(精品小炒)","390","6","18","18元","微辣","干锅","香辣;粉糯","中餐;素菜;干锅;小炒","教工餐厅四楼"
"干锅有机菜花(精品小炒)","320","8","15","20元","微辣","干锅","香辣;脆嫩","中餐;素菜;干锅;小炒","教工餐厅四楼"
"干锅(千叶豆腐、鸡块)(精品小炒)","490","24","22","20元","微辣","干锅","香辣;入味","中餐;小吃;荤菜;素菜;干锅;小炒;炸鸡;高蛋白;高脂","教工餐厅四楼"
"扣碗鸡块","380","24","16","15元","否","蒸菜","咸香;软烂","中餐;小吃;荤菜;素菜;炸鸡;高蛋白","教工餐厅四楼"
"扣碗小酥肉","460","18","26","15元","否","蒸菜","咸香;醇厚","中餐;荤菜;素菜;高脂","教工餐厅四楼"
"扣碗排骨","440","20","24","18元","否","蒸菜","咸香;酱香","中餐;荤菜;素菜;高蛋白;高脂","教工餐厅四楼"
"扣碗炸豆腐","260","14","15","14元","否","蒸菜","咸香;入味","中餐;素菜","教工餐厅四楼"
"扣碗丸子","420","16","24","15元","否","蒸菜","咸香;肉香","中餐;荤菜;素菜;高脂","教工餐厅四楼"
"扣碗红烧肉","580","18","42","16元","否","蒸菜","酱香;肥而不腻","中餐;荤菜;素菜;高脂","教工餐厅四楼"
"重庆小面","480","10","14","11元","中辣","主食","麻辣;鲜香","中餐;主食;面食;面条","教工餐厅四楼"
"鸡杂小面","560","18","18","14元","中辣","主食","麻辣;酸鲜","中餐;主食;面食;面条","教工餐厅四楼"
"红烧排骨面","650","22","24","16元","微辣","主食","咸香;酱香","中餐;主食;面食;荤菜;高蛋白;高脂;高热量","教工餐厅四楼"
"红烧牛肉面","630","24","18","16元","微辣","主食","鲜香;浓郁","中餐;主食;面食;荤菜;高蛋白","教工餐厅四楼"
"肉沫酸豆角面","540","14","16","13元","微辣","主食","酸辣;咸香","中餐;主食;面食;荤菜","教工餐厅四楼"
"红烧肥肠面","680","18","32","16元","微辣","主食","咸香;肥美","中餐;主食;面食;荤菜;高脂;高热量","教工餐厅四楼"
"肉沫豌杂面","610","18","20","13元","中辣","主食","麻辣;酱香","中餐;主食;面食;荤菜;高脂","教工餐厅四楼"
"葱油拌面(鸡蛋)","520","13","16","12元","否","主食","葱香;咸鲜","中餐;主食;面食;蛋类;面条;拌面","教工餐厅四楼"
"宜宾燃面","580","12","22","13元","中辣","主食","麻辣;干香","中餐;主食;面食;高脂","教工餐厅四楼"
"鸡丝拌面","550","22","12","14元","微辣","主食","香辣;鲜美","中餐;主食;面食;荤菜;面条;拌面;高蛋白","教工餐厅四楼"
"干溜豌杂面","590","16","19","14元","中辣","主食","麻辣;浓郁","中餐;主食;面食","教工餐厅四楼"
"排骨干拌面","660","22","25","17元","微辣","主食","酱香;咸香","中餐;主食;面食;荤菜;面条;拌面;高蛋白;高脂;高热量","教工餐厅四楼"
"牛肉干拌面","640","25","18","17元","微辣","主食","咸香;浓郁","中餐;主食;面食;荤菜;面条;拌面;高蛋白","教工餐厅四楼"
"香辣拌面(鸡蛋)","530","13","17","12元","中辣","主食","香辣;咸鲜","中餐;主食;面食;蛋类;面条;拌面","教工餐厅四楼"
"香辣烤肠饭","620","16","25","14元","微辣","主食","香辣;烟熏","中餐;主食;高脂","教工餐厅四楼"
"孜然烤肉饭","640","22","22","16元","微辣","主食","孜然;咸香","中餐;主食;荤菜;烤肉饭;高蛋白;高脂","教工餐厅四楼"
"香辣烤肉饭","650","22","23","16元","中辣","主食","香辣;肉香","中餐;主食;荤菜;烤肉饭;高蛋白;高脂;高热量","教工餐厅四楼"
"招牌蟹黄烤肉饭","710","24","28","18元","否","主食","蟹黄味;浓郁","中餐;主食;荤菜;烤肉饭;高蛋白;高脂;高热量","教工餐厅四楼"
"孜然鸭腿饭","630","22","21","16元","微辣","主食","孜然;肉香","中餐;主食;荤菜;高蛋白;高脂","教工餐厅四楼"
"奥尔良鸡腿饭","610","24","16","16元","否","主食","奥尔良味;微甜","中餐;主食;荤菜;高蛋白","教工餐厅四楼"
"韩式肥牛饭","660","23","24","18元","否","主食","甜咸;酱香","中餐;主食;荤菜;高蛋白;高脂;高热量","教工餐厅四楼"
"海苔烤肠饭","580","13","20","15元","否","主食","海苔香;咸甜","中餐;主食;高脂","教工餐厅四楼"
"蜜汁烤肉饭","660","22","22","16元","否","主食","蜜汁;甜咸","中餐;主食;荤菜;烤肉饭;高蛋白;高脂;高热量","教工餐厅四楼"
"黑椒烤肉饭","640","22","21","16元","微辣","主食","黑椒;浓郁","中餐;主食;荤菜;烤肉饭;高蛋白;高脂","教工餐厅四楼"
"沙拉脆皮鸡饭","750","20","35","16元","否","主食","沙拉味;酥脆","中餐;主食;荤菜;脆皮鸡饭;高蛋白;高脂;高热量","教工餐厅四楼"
"叉烧烤肉饭","670","23","22","18元","否","主食","叉烧味;微甜","中餐;主食;荤菜;烤肉饭;高蛋白;高脂;高热量","教工餐厅四楼"
"脆皮五花饭","780","18","45","18元","否","主食","咸香;酥脆","中餐;主食;高脂;高热量","教工餐厅四楼"
"鱼豆腐锅","520","16","18","14元","可选","火锅","风味复合","中餐;素菜;火锅","教工餐厅四楼"
"酥肉锅","610","18","24","18元","可选","火锅","咸香;浓郁","中餐;荤菜;火锅;高脂","教工餐厅四楼"
"肥牛锅","630","22","22","19元","可选","火锅","鲜美;醇厚","中餐;荤菜;火锅;高蛋白;高脂","教工餐厅四楼"
"豆腐鸭血锅","420","18","12","14元","可选","火锅","鲜香","中餐;荤菜;素菜;火锅","教工餐厅四楼"
"毛血旺锅","660","24","28","20元","可选","火锅","麻辣;浓郁","中餐;荤菜;火锅;高蛋白;高脂;高热量","教工餐厅四楼"
"豆腐肥肠锅","640","19","28","24元","可选","火锅","酱香;肥美","中餐;荤菜;素菜;火锅;高脂","教工餐厅四楼"
"午餐肉锅","560","14","22","16元","可选","火锅","咸香","中餐;荤菜;火锅;高脂","教工餐厅四楼"
"排骨锅","620","20","22","19元","可选","火锅","肉香;酱香","中餐;荤菜;火锅;高蛋白;高脂","教工餐厅四楼"
"滑肉片锅","540","22","14","17元","可选","火锅","鲜嫩;清淡","中餐;荤菜;火锅;高蛋白","教工餐厅四楼"
"虾饺锅","480","15","12","14元","可选","火锅","鲜甜;清淡","中餐;荤菜;火锅","教工餐厅四楼"
"鱼片锅","460","24","10","18元","可选","火锅","鲜嫩;清爽","中餐;荤菜;火锅;高蛋白","教工餐厅四楼"
"卤鸡蛋","80","7","5","1.5元","否","加料","咸香","中餐;小吃;蛋类;加料;低热量","教工餐厅四楼"
"卤豆腐","90","7","5","2元","否","加料","咸香","中餐;小吃;素菜;加料;低热量","教工餐厅四楼"
"海带","35","1","1","2元","否","加料","咸香","中餐;小吃;素菜;加料;低热量","教工餐厅四楼"
"烤鸡腿","160","18","8","9元","否","加料","肉香","中餐;小吃;荤菜;加料;低热量","教工餐厅四楼"
"孜然鸭腿","210","20","12","8元","否","加料","孜然;肉香","中餐;小吃;荤菜;加料;高蛋白;低热量","教工餐厅四楼"
"滑蛋鸡腿肉饭","580","24","16","15.8元","否","主食","鲜香;滑嫩","中餐;主食;蛋类;荤菜;高蛋白","教工餐厅四楼"
"滑蛋培根饭","620","16","24","15.8元","否","主食","烟熏;咸香","中餐;主食;蛋类;荤菜;高脂","教工餐厅四楼"
"滑蛋火腿饭","560","15","18","15.8元","否","主食","咸香","中餐;主食;蛋类;荤菜","教工餐厅四楼"
"滑蛋腊肠饭","640","14","28","15.8元","否","主食","咸甜;酒香","中餐;主食;蛋类;高脂","教工餐厅四楼"
"滑蛋五花饭","720","16","38","15.8元","否","主食","油润;肉香","中餐;主食;蛋类;荤菜;高脂;高热量","教工餐厅四楼"
"滑蛋虾仁饭","510","26","12","18.8元","否","主食","鲜美;清爽","中餐;主食;蛋类;荤菜;高蛋白","教工餐厅四楼"
"滑蛋牛肉饭","590","26","17","19.8元","否","主食","鲜嫩;咸香","中餐;主食;蛋类;荤菜;高蛋白","教工餐厅四楼"
"滑蛋肥牛饭","630","23","22","19.8元","否","主食","香浓;肥美","中餐;主食;蛋类;荤菜;高蛋白;高脂","教工餐厅四楼"
"黄焖鸡+配菜","620","28","20","16.8元","微辣","主食","酱香;浓郁","中餐;主食;素菜;高蛋白;高脂","教工餐厅四楼"
"黄焖鸡爪+配菜","550","22","18","19.8元","微辣","主食","酱香;软糯","中餐;主食;素菜;高蛋白","教工餐厅四楼"
"黄焖排骨+配菜","660","24","25","21.8元","微辣","主食","咸香;酱香","中餐;主食;荤菜;素菜;高蛋白;高脂;高热量","教工餐厅四楼"
"黄焖牛肉+配菜","610","28","16","24.8元","微辣","主食","酱香;醇厚","中餐;主食;荤菜;素菜;高蛋白","教工餐厅四楼"
"黄焖豆腐+配菜","420","14","15","13.8元","微辣","主食","酱香;入味","中餐;主食;素菜","教工餐厅四楼"
"黄焖小酥肉+配菜","650","20","28","17.8元","微辣","主食","酱香;酥嫩","中餐;主食;荤菜;素菜;高蛋白;高脂;高热量","教工餐厅四楼"
"营养餐自选称重","150","6","8","1.98元/两","可选","自选","风味多样","中餐;自选;低热量","教工餐厅四楼"
"米饭/主食(免费添加)","346","7","1","1元/位","否","主食","清淡","中餐;主食","教工餐厅四楼"
"锡纸烤鱼片","420","24","12","18元","微辣","主食","鲜香;麻辣","中餐;主食;荤菜;烤鱼;高蛋白","教工餐厅四楼"
"锡纸小酥肉","580","18","26","18元","微辣","主食","咸香;浓郁","中餐;主食;荤菜;高脂","教工餐厅四楼"
"锡纸烤肥牛","620","22","24","20元","微辣","主食","香浓;肥美","中餐;主食;荤菜;高蛋白;高脂","教工餐厅四楼"
"锡纸烤鸡块","550","24","16","18元","微辣","主食","酱香;鲜嫩","中餐;主食;小吃;荤菜;炸鸡;高蛋白","教工餐厅四楼"
"锡纸金针菇","210","5","8","12元","微辣","主食","蒜香;鲜辣","中餐;主食;素菜;低热量","教工餐厅四楼"
"锡纸鱼豆腐","380","14","15","16元","微辣","主食","鲜香;入味","中餐;主食;素菜","教工餐厅四楼"
"锡纸烤鸭血","260","16","6","12元","微辣","主食","鲜嫩;麻辣","中餐;主食;荤菜","教工餐厅四楼"
"锡纸烤粉丝","340","3","8","12元","微辣","主食","蒜香;咸香","中餐;主食","教工餐厅四楼"
"锡纸烤培根","590","15","25","16元","微辣","主食","烟熏;咸香","中餐;主食;荤菜;高脂","教工餐厅四楼"
"滑蛋鸡腿肉饭","580","24","16","15.8元","否","主食","鲜香;滑嫩","中餐;主食;蛋类;荤菜;高蛋白","教工餐厅四楼"
"滑蛋培根饭","620","16","24","15.8元","否","主食","烟熏;咸香","中餐;主食;蛋类;荤菜;高脂","教工餐厅四楼"
"滑蛋火腿饭","560","15","18","15.8元","否","主食","咸香","中餐;主食;蛋类;荤菜","教工餐厅四楼"
"滑蛋腊肠饭","640","14","28","15.8元","否","主食","咸甜;酒香","中餐;主食;蛋类;高脂","教工餐厅四楼"
"滑蛋五花饭","720","16","38","15.8元","否","主食","油润;肉香","中餐;主食;蛋类;荤菜;高脂;高热量","教工餐厅四楼"
"滑蛋虾仁饭","510","26","12","18.8元","否","主食","鲜美;清爽","中餐;主食;蛋类;荤菜;高蛋白","教工餐厅四楼"
"滑蛋牛肉饭","590","26","17","19.8元","否","主食","鲜嫩;咸香","中餐;主食;蛋类;荤菜;高蛋白","教工餐厅四楼"
"滑蛋肥牛饭","630","23","22","19.8元","否","主食","香浓;肥美","中餐;主食;蛋类;荤菜;高蛋白;高脂","教工餐厅四楼"
"黄焖鸡+配菜","620","28","20","16.8元","微辣","主食","酱香;浓郁","中餐;主食;素菜;高蛋白;高脂","教工餐厅四楼"
"黄焖鸡爪+配菜","550","22","18","19.8元","微辣","主食","酱香;软糯","中餐;主食;素菜;高蛋白","教工餐厅四楼"
"黄焖排骨+配菜","660","24","25","21.8元","微辣","主食","咸香;酱香","中餐;主食;荤菜;素菜;高蛋白;高脂;高热量","教工餐厅四楼"
"黄焖牛肉+配菜","610","28","16","24.8元","微辣","主食","酱香;醇厚","中餐;主食;荤菜;素菜;高蛋白","教工餐厅四楼"
"黄焖豆腐+配菜","420","14","15","13.8元","微辣","主食","酱香;入味","中餐;主食;素菜","教工餐厅四楼"
"黄焖小酥肉+配菜","650","20","28","17.8元","微辣","主食","酱香;酥嫩","中餐;主食;荤菜;素菜;高蛋白;高脂;高热量","教工餐厅四楼"
"啵霸奶茶(中)","320","4","12","¥8","否","饮品","奶香;丝滑","中餐;饮品;饮料;奶茶;普通能量","教工餐厅四楼"
"啵霸奶茶(大)","450","6","16","¥10","否","饮品","奶香;丝滑","中餐;饮品;饮料;奶茶;普通能量","教工餐厅四楼"
"相思红豆奶茶(中)","350","5","11","¥8","否","饮品","奶香;豆香","中餐;饮品;饮料;奶茶;普通能量","教工餐厅四楼"
"相思红豆奶茶(大)","480","7","15","¥10","否","饮品","奶香;豆香","中餐;饮品;饮料;奶茶;普通能量","教工餐厅四楼"
"芋风破浪奶茶(中)","360","5","11","¥8","否","饮品","奶香;芋香","中餐;饮品;饮料;奶茶;普通能量","教工餐厅四楼"
"芋风破浪奶茶(大)","490","7","15","¥10","否","饮品","奶香;芋香","中餐;饮品;饮料;奶茶;普通能量","教工餐厅四楼"
"三拼鲜奶茶(中)","380","6","13","¥8","否","饮品","奶香;丰富","中餐;饮品;饮料;奶茶;普通能量","教工餐厅四楼"
"三拼鲜奶茶(大)","510","8","18","¥10","否","饮品","奶香;丰富","中餐;饮品;饮料;奶茶;普通能量","教工餐厅四楼"
"椰果QQ奶茶(中)","330","4","11","¥8","否","饮品","奶香;Q弹","中餐;饮品;饮料;奶茶;普通能量","教工餐厅四楼"
"椰果QQ奶茶(大)","460","6","15","¥10","否","饮品","奶香;Q弹","中餐;饮品;饮料;奶茶;普通能量","教工餐厅四楼"
"布丁与奶茶(中)","350","5","12","¥8","否","饮品","奶香;滑嫩","中餐;饮品;饮料;奶茶;普通能量","教工餐厅四楼"
"布丁与奶茶(大)","480","7","16","¥10","否","饮品","奶香;滑嫩","中餐;饮品;饮料;奶茶;普通能量","教工餐厅四楼"
"烧仙草奶茶(中)","340","5","11","¥8","否","饮品","奶香;草本","中餐;饮品;饮料;奶茶;普通能量","教工餐厅四楼"
"烧仙草奶茶(大)","470","7","15","¥10","否","饮品","奶香;草本","中餐;饮品;饮料;奶茶;普通能量","教工餐厅四楼"
"莓好时光奶茶(中)","340","4","11","¥8","否","饮品","奶香;果香","中餐;饮品;饮料;奶茶;普通能量","教工餐厅四楼"
"莓好时光奶茶(大)","470","6","15","¥10","否","饮品","奶香;果香","中餐;饮品;饮料;奶茶;普通能量","教工餐厅四楼"
"生椰拿铁咖啡","180","3","6","¥9","否","饮品","椰香;醇厚","中餐;饮品;饮料;咖啡;低热量","教工餐厅四楼"
"卡布奇诺咖啡","150","4","5","¥9","否","饮品","奶泡;醇苦","中餐;饮品;饮料;咖啡;低热量","教工餐厅四楼"
"特浓拿铁咖啡","160","5","6","¥9","否","饮品","咖啡香;奶香","中餐;饮品;饮料;咖啡;低热量","教工餐厅四楼"
"翡翠泰式柠檬茶","120","0","0","¥12","否","饮品","酸爽;清甜","中餐;饮品;饮料;果茶;低热量","教工餐厅四楼"
"百香果茶果茶","140","1","0","¥10","否","饮品","酸甜;果香","中餐;饮品;饮料;果茶;低热量","教工餐厅四楼"
"蜜柚时光","130","0","0","¥12","否","饮品","柚香;清甜","中餐;饮品;饮料;低热量","教工餐厅四楼"
"桃颜悦色","140","0","0","¥12","否","饮品","桃香;清甜","中餐;饮品;饮料;低热量","教工餐厅四楼"
"葡气满满","150","1","0","¥10","否","饮品","葡萄香;甜美","中餐;饮品;饮料;果茶;低热量","教工餐厅四楼"
"青桔柠檬语","110","0","0","¥10","否","饮品","酸爽;清新","中餐;饮品;饮料;低热量","教工餐厅四楼"
"爱楂咋地","130","0","0","¥12","否","饮品","山楂酸甜","中餐;饮品;饮料;低热量","教工餐厅四楼"
"石榴红颜","140","0","0","¥12","否","饮品","石榴香;清甜","中餐;饮品;饮料;低热量","教工餐厅四楼"
"青提芦荟","150","1","0","¥10","否","饮品","清甜;爽口","中餐;饮品;饮料;低热量","教工餐厅四楼"
"自制酸梅汤","90","0","0","¥4","否","饮品","酸甜;解腻","中餐;饮品;汤品;饮料;汤粥;低热量","教工餐厅四楼"
"柠檬绿茶元","80","0","0","¥4","否","饮品","茶香;微酸","中餐;饮品;饮料;低热量","教工餐厅四楼"
"爽口柠檬水","70","0","0","¥4","否","饮品","酸甜;清新","中餐;饮品;饮料;果茶;低热量","教工餐厅四楼"
"草莓酸多多","160","1","1","¥10","否","饮品","酸甜;乳酸菌","中餐;饮品;饮料;果茶;低热量","教工餐厅四楼"
"葡萄酸多多","160","1","1","¥10","否","饮品","酸甜;葡萄风味","中餐;饮品;饮料;果茶;低热量","教工餐厅四楼"
"百香果酸多多","160","1","1","¥10","否","饮品","酸甜;百香果香","中餐;饮品;饮料;果茶;低热量","教工餐厅四楼"
"芒果酸多多","170","1","1","¥10","否","饮品","酸甜;芒果风味","中餐;饮品;饮料;果茶;低热量","教工餐厅四楼"
"水蜜桃酸多多","160","1","1","¥10","否","饮品","酸甜;桃香","中餐;饮品;饮料;低热量","教工餐厅四楼"
"草莓雪冰","240","2","3","¥12","否","冰品","草莓甜","中餐;饮品;饮料;果茶;普通能量","教工餐厅四楼"
"葡萄雪冰","240","2","3","¥12","否","冰品","葡萄甜","中餐;饮品;饮料;果茶;普通能量","教工餐厅四楼"
"椰奶四季雪冰","260","3","5","¥12","否","冰品","椰香;清甜","中餐;饮品;饮料;普通能量","教工餐厅四楼"
"芒果雪冰","250","2","3","¥12","否","冰品","芒果香","中餐;饮品;饮料;果茶;普通能量","教工餐厅四楼"
"鸳鸯雪冰","280","3","6","¥12","否","冰品","咖啡奶茶味","中餐;饮品;饮料;奶茶;咖啡;普通能量","教工餐厅四楼"
"意式浓可可","220","4","8","12元","否","饮品","可可香;浓郁","中餐;饮品;饮料;低热量","教工餐厅四楼"
"杨枝甘露","260","3","6","10元","否","饮品","芒果椰香;酸甜","中餐;饮品;饮料;果茶;普通能量","教工餐厅四楼"
"杨枝甘露冰粉","180","2","2","6元","否","甜品","清凉;酸甜","中餐;饮品;小吃;饮料;低热量","教工餐厅四楼"
"奥利奥奶茶(中)","360","5","14","8元","否","饮品","高乐高风味;香甜","中餐;饮品;饮料;奶茶;普通能量","教工餐厅四楼"
"奥利奥奶茶(大)","490","7","18","10元","否","饮品","高乐高风味;香甜","中餐;饮品;饮料;奶茶;普通能量","教工餐厅四楼"
"桑葚甘露","240","2","4","10元","否","饮品","桑葚香;酸甜","中餐;饮品;饮料;果茶;普通能量","教工餐厅四楼"
"茉莉奶绿","210","4","7","10元","否","饮品","茉莉茶香","中餐;饮品;饮料;奶茶;低热量","教工餐厅四楼"
"木瓜水西米露糖水","160","1","2","12元","否","甜品","清甜;滋润","中餐;小吃;低热量","教工餐厅四楼"
"红糖生姜木薯糖水","180","1","1","12元","否","甜品","姜辣;甜糯","中餐;小吃;低热量","教工餐厅四楼"
"山楂草莓","150","1","0","10元","否","饮品","酸甜;果香","中餐;饮品;饮料;果茶;低热量","教工餐厅四楼"
"柠檬乳酸菌","160","1","1","10元","否","饮品","酸甜;清新","中餐;饮品;饮料;低热量","教工餐厅四楼"
"草莓牛奶西米露","240","4","5","10元","否","甜品","奶香;草莓甜","中餐;饮品;小吃;果茶;普通能量","教工餐厅四楼"
"茉莉奶绿(推荐)","210","4","7","10元","否","饮品","清新茶香","中餐;饮品;饮料;奶茶;低热量","教工餐厅四楼"
"葡萄茉莉冰奶","230","3","6","10元","否","饮品","果香;奶香","中餐;饮品;饮料;果茶;普通能量","教工餐厅四楼"
"粉红柠檬水","90","0","0","6元","否","饮品","酸甜;爽口","中餐;饮品;饮料;果茶;低热量","教工餐厅四楼"
特价羊肉串（买10串送5串）,150,12,10,¥3/串,微辣,烧烤串类,咸鲜香辣,中餐;荤菜;高蛋白,风味餐厅五楼
牛肉串,130,14,8,¥3/串,微辣,烧烤串类,咸鲜香辣,中餐;荤菜;高蛋白,风味餐厅五楼
烤油边串（3串起）,180,11,15,¥4/串,微辣,烧烤串类,香辣油脂,中餐;荤菜;高脂,风味餐厅五楼
奶油面包片（2串起）,220,4,8,¥3.5/串,不辣,烧烤串类,奶香甜美,中餐;素菜,风味餐厅五楼
烤五花肉,240,9,22,¥3/串,微辣,烧烤串类,焦香油润,中餐;荤菜;高脂,风味餐厅五楼
特价烤鸡腿,280,24,18,¥13.8/个,微辣,烧烤串类,鲜嫩多汁,中餐;荤菜;高蛋白,风味餐厅五楼
鸡软骨,90,10,5,¥3.5/串,微辣,烧烤串类,香脆爽口,中餐;荤菜;低热量,风味餐厅五楼
烤鸡皮,160,5,15,¥3/串,微辣,烧烤串类,焦香多汁,中餐;荤菜;高脂,风味餐厅五楼
望京小腰（3串起）,140,10,11,¥3/串,微辣,烧烤串类,香嫩浓郁,中餐;荤菜,风味餐厅五楼
烤鸡胗,85,13,3,¥3/串,微辣,烧烤串类,韧脆香辣,中餐;荤菜;高蛋白;低热量,风味餐厅五楼
五香鸡肉串(5串起点),110,12,6,¥3/串,不辣,烧烤串类,五香咸鲜,中餐;荤菜;高蛋白,风味餐厅五楼
炒方便面,450,9,18,¥15/份,微辣,主食,油香咸辣,中餐;素菜;高脂,风味餐厅五楼
宫后夹肉串（3串起点）,160,11,12,¥4/串,微辣,烧烤串类,酱香浓郁,中餐;荤菜,风味餐厅五楼
烤鱼豆腐（3串起）,95,6,4,¥3/串,微辣,烧烤串类,软糯鲜香,中餐;素菜,风味餐厅五楼
烤肠,180,8,15,¥3/串,不辣,烧烤串类,咸香肉感,中餐;荤菜;高脂,风味餐厅五楼
牛板筋,100,16,2,¥3/串,微辣,烧烤串类,劲道酸辣,中餐;荤菜;高蛋白;低热量,风味餐厅五楼
烤面筋（2串起）,140,6,5,¥3/串,微辣,烧烤串类,香辣柔韧,中餐;素菜,风味餐厅五楼
特价猪肉大葱水饺,380,14,16,¥14/份,不辣,水饺,鲜美多汁,中餐;荤菜,风味餐厅五楼
骨肉相连,120,11,8,¥3/串,微辣,烧烤串类,脆嫩香辣,中餐;荤菜,风味餐厅五楼
肉筋（5串起）,150,10,12,¥3/串,微辣,烧烤串类,软烂香糯,中餐;荤菜,风味餐厅五楼
辣椒小炒肉盖饭,620,22,24,¥18/份,中辣,盖饭类,香辣鲜美,中餐;荤菜;高蛋白,风味餐厅五楼
小炒黄牛肉炒饭,680,26,22,¥19/份,中辣,主食,香辣干香,中餐;荤菜;高蛋白,风味餐厅五楼
尖椒肉丝盖饭,590,20,20,¥16/份,中辣,盖饭类,青椒爽辣,中餐;荤菜;高蛋白,风味餐厅五楼
腊肠炒饭,650,15,25,¥15/份,不辣,主食,咸香油润,中餐;荤菜;高脂,风味餐厅五楼
西红柿炒鸡蛋盖饭,510,14,15,¥16/份,不辣,盖饭类,酸甜可口,中餐;素菜,风味餐厅五楼
孜然肥牛盖饭,640,24,25,¥18/份,微辣,盖饭类,孜然浓郁,中餐;荤菜;高蛋白,风味餐厅五楼
孜然肥羊盖饭,660,22,28,¥18/份,微辣,盖饭类,孜然膻香,中餐;荤菜;高蛋白;高脂,风味餐厅五楼
宫保鸡丁盖饭,610,21,18,¥16/份,微辣,盖饭类,糊辣酸甜,中餐;荤菜;高蛋白,风味餐厅五楼
回锅肉盖饭,690,18,32,¥16/份,微辣,盖饭类,酱香浓郁,中餐;荤菜;高脂,风味餐厅五楼
鱼香茄条盖饭,550,6,22,¥15/份,微辣,盖饭类,鱼香酸甜,中餐;素菜;高脂,风味餐厅五楼
特价烤鸡腿,250kcal,22g,18g,￥13.8,1,烧烤,香辣咸鲜,中餐;荤菜;高蛋白,风味餐厅五楼
特价羊肉串,100kcal,8g,7g,￥3,1,烧烤,孜然麻辣,中餐;荤菜;高蛋白,风味餐厅五楼
五香牛肉串,100kcal,8g,7g,￥3,0,烧烤,五香咸鲜,中餐;荤菜;高蛋白,风味餐厅五楼
牛肉串,100kcal,8g,7g,￥3,1,烧烤,孜然麻辣,中餐;荤菜;高蛋白,风味餐厅五楼
奶油面包片,220kcal,2g,18g,￥3.5,0,烧烤,奶香香甜,中餐;素菜;高脂,风味餐厅五楼
宫后夫肉串,100kcal,8g,7g,￥4,1,烧烤,甜辣咸鲜,中餐;荤菜;高蛋白,风味餐厅五楼
爆汁芥末皮,320kcal,15g,25g,￥6,2,烧烤,芥末冲辣,中餐;荤菜;高脂,风味餐厅五楼
烤油边串,128kcal,8g,10g,￥4,1,烧烤,外焦里嫩,中餐;荤菜;高蛋白;高脂,风味餐厅五楼
烤千叶豆腐,120kcal,10g,6g,￥3,1,烧烤,香辣咸鲜,中餐;素菜;高蛋白,风味餐厅五楼
烤金针菇,45kcal,2g,2g,￥10,1,烧烤,香辣蒜香,中餐;素菜;低热量,风味餐厅五楼
烤鸡皮,320kcal,15g,25g,￥3,1,烧烤,香辣肥美,中餐;荤菜;高脂,风味餐厅五楼
骨肉相连,250kcal,22g,18g,￥3,1,烧烤,甜辣软骨,中餐;荤菜;高蛋白,风味餐厅五楼
烤鸡珍,120kcal,22g,4g,￥3,1,烧烤,香辣脆爽,中餐;荤菜;高蛋白;低热量,风味餐厅五楼
鸡香小馒头,80kcal,2g,5g,￥2,0,烧烤,焦香微甜,中餐;素菜,风味餐厅五楼
鸡软骨,100kcal,8g,7g,￥3.5,1,烧烤,香辣酥脆,中餐;荤菜;高蛋白,风味餐厅五楼
烤五花肉,320kcal,15g,25g,￥3,1,烧烤,油脂焦香,中餐;荤菜;高脂,风味餐厅五楼
烤肠,320kcal,15g,25g,￥3,0,烧烤,咸香肉感,中餐;荤菜;高脂,风味餐厅五楼
牛板筋,250kcal,22g,18g,￥3,1,烧烤,麻辣劲道,中餐;荤菜;高蛋白,风味餐厅五楼
烤面筋,80kcal,2g,5g,￥3,1,烧烤,香辣软糯,中餐;素菜,风味餐厅五楼
大腰子,320kcal,22g,25g,￥12,1,烧烤,浓郁焦香,中餐;荤菜;高脂;高蛋白,风味餐厅五楼
变态鸡翅,250kcal,22g,18g,￥8,3,烧烤,极度麻辣,中餐;荤菜;高蛋白,风味餐厅五楼
香辣烤鸡翅,250kcal,22g,18g,￥8,2,烧烤,香辣多汁,中餐;荤菜;高蛋白,风味餐厅五楼
五香烤鸡翅,250kcal,22g,18g,￥8,0,烧烤,五香咸鲜,中餐;荤菜;高蛋白,风味餐厅五楼
奥尔良烤鸡翅,250kcal,22g,18g,￥8,1,烧烤,甜辣咸香,中餐;荤菜;高蛋白,风味餐厅五楼
蜜汁烤鸡翅,250kcal,22g,18g,￥8,0,烧烤,鲜甜多汁,中餐;荤菜;高蛋白,风味餐厅五楼
肉筋,320kcal,15g,25g,￥3,1,烧烤,韧劲咸香,中餐;荤菜;高脂,风味餐厅五楼
烤鱿鱼,120kcal,22g,4g,￥5,1,烧烤,鲜辣爽口,中餐;荤菜;高蛋白;低热量,风味餐厅五楼
烤臭豆腐,120kcal,10g,6g,￥3,1,烧烤,闻臭吃香,中餐;素菜;高蛋白,风味餐厅五楼
望京小腰,320kcal,15g,25g,￥3,1,烧烤,油香脆嫩,中餐;荤菜;高脂,风味餐厅五楼
土豆炖牛肉,250kcal,22g,18g,￥58,0,热菜,咸鲜醇厚,中餐;荤菜;高蛋白,风味餐厅五楼
香辣肉丝,320kcal,15g,25g,￥34,2,热菜,香辣开胃,中餐;荤菜;高脂,风味餐厅五楼
特价新西兰西兰花,45kcal,2g,2g,￥18.8,0,热菜,清爽咸鲜,中餐;素菜;低热量,风味餐厅五楼
辣炒风爪,250kcal,22g,18g,￥56,2,热菜,麻辣鲜香,中餐;荤菜;高蛋白,风味餐厅五楼
麻辣龙虾尾,250kcal,22g,18g,￥54,3,热菜,重辣麻香,中餐;荤菜;高蛋白,风味餐厅五楼
烤鱼,250kcal,22g,18g,￥78,2,热菜,麻辣鲜嫩,中餐;荤菜;高蛋白,风味餐厅五楼
特色烤骨头,250kcal,22g,18g,￥42,1,热菜,酱香浓郁,中餐;荤菜;高蛋白,风味餐厅五楼
熘肝尖炒腊肉,320kcal,15g,25g,￥36,1,热菜,咸鲜熘香,中餐;荤菜;高脂,风味餐厅五楼
风味茄子,220kcal,2g,18g,￥32,1,热菜,酸甜微辣,中餐;素菜;高脂,风味餐厅五楼
锅仔香辣梅花肉,320kcal,15g,25g,￥45,2,热菜,香辣醇厚,中餐;荤菜;高蛋白;高脂,风味餐厅五楼
大蒜爆牛肚,250kcal,22g,18g,￥38,1,热菜,蒜香脆嫩,中餐;荤菜;高蛋白,风味餐厅五楼
干锅野山菌,45kcal,2g,2g,￥36,1,热菜,香辣鲜美,中餐;素菜;低热量,风味餐厅五楼
水煮肉片,320kcal,15g,25g,￥39,3,热菜,麻辣红油,中餐;荤菜;高脂;高蛋白,风味餐厅五楼
虾干罗马生菜,45kcal,2g,2g,￥28,0,热菜,鲜咸清脆,中餐;素菜;低热量,风味餐厅五楼
黑椒牛柳,250kcal,22g,18g,￥54,1,热菜,黑椒浓郁,中餐;荤菜;高蛋白,风味餐厅五楼
蜀山毛血旺,320kcal,15g,25g,￥66,3,热菜,麻辣鲜香,中餐;荤菜;高脂,风味餐厅五楼
家常白玉豆腐,120kcal,10g,6g,￥26,0,热菜,豆香咸鲜,中餐;素菜;低热量;高蛋白,风味餐厅五楼
小鱼贴饼,250kcal,15g,18g,￥36,1,热菜,酱香粗粮,中餐;荤菜,风味餐厅五楼
干炸小黄鱼,250kcal,22g,18g,￥28,0,热菜,酥脆咸香,中餐;荤菜;高蛋白,风味餐厅五楼
干锅腐竹,120kcal,10g,6g,￥32,1,热菜,香辣豆香,中餐;素菜;高蛋白,风味餐厅五楼
炒合菜,45kcal,2g,2g,￥32,0,热菜,清爽咸鲜,中餐;素菜;低热量,风味餐厅五楼
臭豆腐肥肠,320kcal,15g,25g,￥38,2,热菜,香辣浓郁,中餐;荤菜;高脂,风味餐厅五楼
黄糖锅包肉,320kcal,15g,25g,￥48,0,热菜,酸甜酥脆,中餐;荤菜;高脂,风味餐厅五楼
韭菜炒鸡蛋,120kcal,10g,6g,￥28,0,热菜,韭香蛋鲜,中餐;素菜;高蛋白,风味餐厅五楼
豆豉鲮鱼油麦菜,45kcal,2g,2g,￥28,1,热菜,豉香鲜咸,中餐;素菜;低热量,风味餐厅五楼
酸菜汆白肉,320kcal,15g,25g,￥38,1,热菜,酸咸解腻,中餐;荤菜;高脂,风味餐厅五楼
铁板炙子烤肉,250kcal,22g,18g,￥58,1,热菜,酱香炙烤,中餐;荤菜;高蛋白,风味餐厅五楼
宫爆虾球,120kcal,18g,4g,￥42,1,热菜,糊辣酸甜,中餐;荤菜;高蛋白;低热量,风味餐厅五楼
干锅千叶豆腐,120kcal,10g,6g,￥32,1,热菜,香辣入味,中餐;素菜;高蛋白,风味餐厅五楼
干锅排骨,320kcal,22g,25g,￥58,2,热菜,干香麻辣,中餐;荤菜;高蛋白;高脂,风味餐厅五楼
糖醋排骨,320kcal,15g,25g,￥58,0,热菜,酸甜可口,中餐;荤菜;高脂,风味餐厅五楼
西红柿炖牛腩,250kcal,22g,18g,￥58,0,热菜,酸咸醇厚,中餐;荤菜;高蛋白,风味餐厅五楼
金银小馒头,150kcal,8g,8g,￥18,0,热菜,奶香金黄,中餐;素菜,风味餐厅五楼
干炸里脊,320kcal,15g,25g,￥32,0,热菜,外酥里嫩,中餐;荤菜;高脂,风味餐厅五楼
清炒油麦菜,45kcal,2g,2g,￥26,0,热菜,清淡爽脆,中餐;素菜;低热量,风味餐厅五楼
蒜蓉油麦菜,45kcal,2g,2g,￥26,0,热菜,蒜香浓郁,中餐;素菜;低热量,风味餐厅五楼
重庆辣子鸡,320kcal,22g,25g,￥42,3,热菜,麻辣干香,中餐;荤菜;高蛋白;高脂,风味餐厅五楼
小炒黄牛肉,250kcal,22g,18g,￥68,2,热菜,鲜辣香嫩,中餐;荤菜;高蛋白,风味餐厅五楼
干锅娃娃菜,45kcal,2g,2g,￥28,1,热菜,鲜辣微甜,中餐;素菜;低热量,风味餐厅五楼
麻婆豆腐,120kcal,10g,4g,￥22,2,热菜,麻辣鲜烫,中餐;素菜;高蛋白;低热量,风味餐厅五楼
美味回锅肉,320kcal,15g,25g,￥38,2,热菜,豉香香辣,中餐;荤菜;高脂,风味餐厅五楼
鱼香肉丝,250kcal,15g,18g,￥32,1,热菜,酸辣甜咸,中餐;荤菜,风味餐厅五楼
辣椒小炒肉,320kcal,15g,25g,￥42,2,热菜,香辣鲜美,中餐;荤菜;高脂,风味餐厅五楼
糖醋里脊,320kcal,15g,25g,￥34,0,热菜,酸甜焦脆,中餐;荤菜;高脂,风味餐厅五楼
宫保鸡丁,250kcal,22g,18g,￥32,1,热菜,酸甜微辣,中餐;荤菜;高蛋白,风味餐厅五楼
京酱肉丝,250kcal,15g,18g,￥32,0,热菜,酱香浓郁,中餐;荤菜,风味餐厅五楼
干锅花菜,45kcal,2g,2g,￥28,1,热菜,干香微辣,中餐;素菜;低热量,风味餐厅五楼
泡椒鲜牛肉,250kcal,22g,18g,￥58,2,热菜,酸辣开胃,中餐;荤菜;高蛋白,风味餐厅五楼
香辣虾,250kcal,22g,18g,￥78,2,热菜,香辣酥脆,中餐;荤菜;高蛋白,风味餐厅五楼
金汤酸菜鱼,250kcal,22g,18g,￥68,1,热菜,酸辣鲜美,中餐;荤菜;高蛋白,风味餐厅五楼
套餐盒饭,150kcal,8g,8g,￥50,1,热菜,荤素搭配,中餐,风味餐厅五楼
白灼虾,120kcal,18g,4g,￥78,0,热菜,原汁原味,中餐;荤菜;高蛋白;低热量,风味餐厅五楼
藤椒肥牛,320kcal,22g,25g,￥48,2,热菜,麻辣清香,中餐;荤菜;高蛋白;高脂,风味餐厅五楼
滋味肥肠牛肉,320kcal,22g,25g,￥48,2,热菜,香辣醇厚,中餐;荤菜;高蛋白;高脂,风味餐厅五楼
腊八蒜炖肥肠,320kcal,15g,25g,￥48,1,热菜,蒜香微酸,中餐;荤菜;高脂,风味餐厅五楼
干锅翅中虾,250kcal,22g,18g,￥68,2,热菜,香辣干脆,中餐;荤菜;高蛋白,风味餐厅五楼
腰果虾仁,320kcal,22g,25g,￥58,0,热菜,鲜嫩酥脆,中餐;荤菜;高蛋白;高脂,风味餐厅五楼
酸辣土豆丝,45kcal,2g,2g,￥18,1,热菜,酸辣脆爽,中餐;素菜;低热量,风味餐厅五楼
脆皮炸鲜奶,220kcal,2g,18g,￥26,0,热菜,外酥里嫩,中餐;素菜;高脂,风味餐厅五楼
干锅肥肠,320kcal,15g,25g,￥48,2,热菜,干香麻辣,中餐;荤菜;高脂,风味餐厅五楼
外婆菜炒鸡蛋,120kcal,10g,6g,￥28,1,热菜,咸香微辣,中餐;素菜;高蛋白,风味餐厅五楼
特价水煮鱼片,320kcal,22g,25g,￥68,3,热菜,麻辣鲜嫩,中餐;荤菜;高脂;高蛋白,风味餐厅五楼
酸汤肥羊,320kcal,15g,25g,￥48,2,热菜,酸辣浓郁,中餐;荤菜;高脂,风味餐厅五楼
干锅土豆片,150kcal,8g,8g,￥28,1,热菜,香辣软糯,中餐;素菜,风味餐厅五楼
套餐盒饭(二),150kcal,8g,8g,￥40,1,热菜,荤素搭配,中餐,风味餐厅五楼
西红柿鸡蛋汤,120,6,8,¥16 /份,0,汤类,酸甜清淡,中餐;素菜;低热量汤品;低热量,风味餐厅五楼
牛肉粒蛋花汤,180,15,10,¥28 /份,0,汤类,鲜咸浓郁,中餐;荤菜;高蛋白;低热量汤品,风味餐厅五楼
酸辣汤,150,5,7,¥18 /份,2,汤类,酸辣开胃,中餐;低热量汤品;低热量,风味餐厅五楼
香辣梅花骨大锅,980,65,70,¥98 /份,2,火锅类,香辣浓郁,中餐;荤菜;高蛋白;高脂,风味餐厅五楼
羊蝎子火锅,1100,75,80,¥128 /份,2,火锅类,鲜香麻辣,中餐;荤菜;高蛋白;高脂,风味餐厅五楼
特价肥羊点一份送一份,450,28,38,¥38 /份,0,火锅类,肥美鲜嫩,中餐;荤菜;高蛋白;高脂,风味餐厅五楼
麻辣番茄鸳鸯锅底,350,6,25,¥20 /份,2,火锅类,麻辣酸甜,中餐;高脂,风味餐厅五楼
特价虾滑,160,18,2,¥38 /份,0,火锅类,鲜嫩Q弹,中餐;荤菜;高蛋白;低热量,风味餐厅五楼
手切牛肉片,250,30,12,¥58 /份,0,火锅类,鲜嫩有嚼劲,中餐;荤菜;高蛋白,风味餐厅五楼
千页豆腐,140,12,8,¥13 /份,0,火锅类,软嫩多汁,中餐;素菜;低热量,风味餐厅五楼
撒尿牛丸,220,14,15,¥18 /份,0,火锅类,弹牙多汁,中餐;荤菜;高蛋白,风味餐厅五楼
鱼豆腐,180,11,10,¥16 /份,0,火锅类,鲜香Q弹,中餐;荤菜,风味餐厅五楼
特价肥牛点一份送一份,460,26,40,¥38 /份,0,火锅类,肥嫩香浓,中餐;荤菜;高蛋白;高脂,风味餐厅五楼
鸳鸯锅底,300,5,22,¥15 /锅,2,火锅类,咸鲜麻辣,中餐;高脂,风味餐厅五楼
麻辣锅底,450,4,45,¥15 /锅,3,火锅类,麻辣浓厚,中餐;高脂,风味餐厅五楼
番茄锅底,180,3,8,¥15 /锅,0,火锅类,酸甜浓郁,中餐;低热量,风味餐厅五楼
清汤锅底,50,2,2,¥6 /锅,0,火锅类,清淡鲜美,中餐;低热量,风味餐厅五楼
麻酱小料,120,3,10,¥5 /位,0,火锅类,香浓醇厚,中餐;高脂,风味餐厅五楼
方便面,380,8,14,¥6 /份,0,火锅类,油香劲道,中餐;高脂,风味餐厅五楼
鸭血,65,12,1,¥12 /份,0,火锅类,滑嫩爽口,中餐;荤菜;高蛋白;低热量,风味餐厅五楼
水晶粉,150,0,0,¥10 /份,0,火锅类,Q弹爽滑,中餐;素菜;低热量,风味餐厅五楼
宽粉,160,1,0,¥10 /份,0,火锅类,软糯劲道,中餐;素菜;低热量,风味餐厅五楼
水豆腐,70,7,4,¥8 /份,0,火锅类,豆香软嫩,中餐;素菜;低热量,风味餐厅五楼
豆皮,120,11,6,¥8 /份,0,火锅类,劲道醇香,中餐;素菜;高蛋白;低热量,风味餐厅五楼
香菇,30,3,0,¥15 /份,0,火锅类,菌香浓郁,中餐;素菜;低热量,风味餐厅五楼
金针菇,32,2,0,¥15 /份,0,火锅类,爽脆鲜美,中餐;素菜;低热量,风味餐厅五楼
平菇,28,2,0,¥13 /份,0,火锅类,鲜嫩爽滑,中餐;素菜;低热量,风味餐厅五楼
圆生菜,15,1,0,¥10 /份,0,火锅类,清脆爽口,中餐;素菜;低热量,风味餐厅五楼
娃娃菜,20,1,0,¥10 /份,0,火锅类,清甜软嫩,中餐;素菜;低热量,风味餐厅五楼
香菜,12,1,0,¥10 /份,0,火锅类,清香独特,中餐;素菜;低热量,风味餐厅五楼
油麦菜,18,1,0,¥10 /份,0,火锅类,清脆鲜嫩,中餐;素菜;低热量,风味餐厅五楼
土豆片,80,2,0,¥6 /份,0,火锅类,软糯粉面,中餐;素菜;低热量,风味餐厅五楼
开花肠,260,12,22,¥18 /份,0,火锅类,Q弹肉香,中餐;荤菜;高脂,风味餐厅五楼
特价猪肉大葱水饺,240,10,12,¥14 /份,0,水饺,肉香葱浓,中餐;荤菜;高蛋白,风味餐厅五楼
特价韭菜鸡蛋水饺,180,7,8,¥12 /份,0,水饺,鲜香清爽,中餐;素菜;低热量,风味餐厅五楼
红油耳丝,280,18,22,¥34 /份,2,凉菜,脆嫩爽辣,中餐;荤菜;高蛋白;高脂,风味餐厅五楼
凉拌豆腐丝,150,14,8,¥23 /份,1,凉菜,咸鲜微辣,中餐;素菜;高蛋白;低热量,风味餐厅五楼
油炸花生米,580,24,48,¥18 /份,0,凉菜,香脆可口,中餐;素菜;高脂,风味餐厅五楼
手撕椒麻鸡,320,25,20,¥38 /份,2,凉菜,椒麻鲜嫩,中餐;荤菜;高蛋白,风味餐厅五楼
拍黄瓜,45,1,2,¥18 /份,1,凉菜,清脆酸辣,中餐;素菜;低热量,风味餐厅五楼
凉拌西芹腐竹,110,8,5,¥18 /份,0,凉菜,爽脆清香,中餐;素菜;低热量,风味餐厅五楼
酱牛肉,240,32,10,¥48 /份,0,凉菜,酱香浓郁,中餐;荤菜;高蛋白;低热量,风味餐厅五楼
"单人套餐A1 (招牌肉酱面(大) + 大鸡排 + 北冰洋(瓶))",850,38,28,26.90,微辣,套餐,咸鲜酥脆,"中餐;荤菜;高蛋白;高脂",醉面
"单人套餐A2 (招牌肉酱面(大) + 加肉肠 + 北冰洋(瓶))",780,30,32,26.90,微辣,套餐,咸鲜油润,"中餐;荤菜;高脂",醉面
"单人套餐C1 (大鸡排 + 北冰洋(瓶) + 大师葱油面/番茄煎蛋面二选一)",720,28,24,23.80,不辣,套餐,葱香/酸甜,"中餐;荤菜",醉面
"单人套餐C2 (加肉肠 + 北冰洋(瓶) + 大师葱油面/番茄煎蛋面二选一)",650,20,28,23.80,不辣,套餐,葱香/酸甜,"中餐;荤菜;高脂",醉面
"双人套餐B (招牌肉酱面(大) + 番茄煎蛋面 + 酥肉土豆双拼)",1450,52,48,39.90,微辣,套餐,咸鲜酸甜,"中餐;荤菜;高蛋白;高脂",醉面
"双人套餐C (招牌肉酱面(大) + 番茄煎蛋面 + 加清脆裙带菜 + 酥肉土豆双拼)",1500,54,49,43.90,微辣,套餐,丰富复合,"中餐;荤菜;高蛋白;高脂",醉面
"[人气经典]招牌肉酱面套餐 (招牌肉酱面(大) + 加煎蛋 + 清脆裙带菜/腐竹花生选1)",710,29,22,24.90,微辣,套餐,咸鲜爽口,"中餐;荤菜;高蛋白",醉面
脆脆菠菜凉面,350,8,6,16.9,微辣,主食,酸辣爽口,中餐;素菜;低热量,醉面
咔嚓扭扭糕粑,280,3,8,7.9,不辣,小吃,香甜酥脆,中餐;素菜,醉面
"单人套餐E1 (大鸡排 + 北冰洋(瓶) + 麻酱凉面/四川凉面选1)",660,23,21,21.90,1,套餐,复合风味,"中餐;荤菜;组合套餐",醉面
"单人套餐E2 (加肉肠 + 北冰洋(瓶) + 麻酱凉面/四川凉面选1)",600,19,25,21.90,1,套餐,复合风味,"中餐;荤菜;组合套餐",醉面
"BJ拌面套餐随心配 (招牌肉酱面(大)/碗杂肉酱面(大)/大师葱油面选1 + 安心卤蛋/加肉肠/加煎蛋/大鸡排/开花肉肠选1 + 加清脆裙带菜/腐竹花生选1)",680,26,20,23.00,1,套餐,自由组合,"中餐;荤菜;组合套餐",醉面
"BJ汤面套餐随心配 (红烧牛肉面(大)/番茄煎蛋面/番茄鸡排面选1 + 安心卤蛋/加肉肠/加煎蛋/大鸡排/开花肉肠选1 + 加清脆裙带菜/腐竹花生选1)",620,24,18,23.00,1,套餐,自由组合,"中餐;荤菜;组合套餐",醉面
"BJ拌饭套餐随心配 (经典卤肉饭/鸡排卤肉饭/擂椒卤肉饭/咖喱鸡排饭选1 + 安心卤蛋/加肉肠/加煎蛋/大鸡排/开花肉肠选1 + 加清脆裙带菜/腐竹花生选1)",750,25,28,24.90,1,套餐,自由组合,"中餐;荤菜;组合套餐",醉面
招牌肉酱面,480,18,14,14起/小,微微辣,主食,咸鲜微辣,中餐;荤菜;高蛋白,醉面
擂椒肉酱面,510,19,16,18.9/份,中辣,主食,焦香麻辣,中餐;荤菜;高蛋白,醉面
豌杂肉酱面,550,22,15,15起/小,辣,主食,麻辣鲜香,中餐;荤菜;高蛋白,醉面
大师葱油面,420,10,12,14.9/份,不辣,主食,葱香浓郁,中餐;素菜,醉面
四川凉面,520,12,14,13/份,辣,主食,麻辣鲜香,中餐;素菜,醉面
麻酱凉面,580,14,22,13/份,辣,主食,酸甜爽口,中餐;素菜;高脂,醉面
红烧牛肉面,580,26,18,16起/小,不辣,主食,酱香浓郁,中餐;荤菜;高蛋白,醉面
香辣牛肉面,595,26,20,17起/小,辣,主食,香辣浓郁,中餐;荤菜;高蛋白,醉面
番茄煎蛋面,510,14,16,14.9/份,不辣,主食,番茄酸甜,中餐;荤菜,醉面
番茄鸡排面,640,24,22,16.9/份,不辣,主食,番茄酸甜,中餐;荤菜;高蛋白;高脂,醉面
经典卤肉饭,680,22,28,16.9/份,不辣,主食,卤香浓郁,中餐;荤菜;高脂,醉面
擂椒卤肉饭,695,23,29,16.9/份,微微辣,主食,椒香微辣,中餐;荤菜;高脂,醉面
鸡排卤肉饭,820,32,35,19.9/份,不辣,主食,鸡排酥嫩,中餐;荤菜;高蛋白;高脂,醉面
咖喱鸡排饭,780,24,26,17.9/份,不辣,主食,香浓咖喱,中餐;荤菜;高脂,醉面
加面,320,10,2,3/份,不辣,主食,原味,中餐;素菜,醉面
加清脆裙带菜,45,1.5,0.2,6/份,不辣,小吃,解腻清爽,中餐;素菜;低热量,醉面
腐竹花生,180,8,12,6/份,不辣,小吃,经典双脆,中餐;素菜,醉面
安心卤蛋,80,7,5,3/个,不辣,小吃,卤香喷喷,中餐;荤菜;高蛋白,醉面
加煎蛋,120,7,9,1.5/个,不辣,小吃,无抗鲜香,中餐;荤菜;高蛋白,醉面
加肉肠,150,6,11,5.9/个,不辣,小吃,脆弹肉香,中餐;荤菜,醉面
加红烧牛肉,160,18,9,15/份,不辣,小吃,酱香浓郁,中餐;荤菜;高蛋白,醉面
加青菜,25,1.2,0.1,2/份,不辣,小吃,新鲜爽口,中餐;素菜;低热量,醉面
加豌豆,110,6,0.5,3/份,不辣,小吃,软糯清香,中餐;素菜,醉面
大鸡排,280,18,16,5.9/个,不辣,小吃,外焦里嫩,中餐;荤菜;高蛋白;高脂,醉面
开花肉肠-串,160,5,13,3起/一串,不辣,小吃,好油现炸,中餐;荤菜;高脂,醉面
酥肉土豆双拼,260,8,15,8.9/份,不辣,小吃,酥脆咸香,中餐;荤菜;高脂,醉面
椒香酥肉,290,12,20,8.9/份,微微辣,小吃,椒麻香气,中餐;荤菜;高脂,醉面
锅巴土豆,180,3,8,8.9/份,不辣,小吃,外脆内粉,中餐;素菜,醉面
香酥鹌鹑,140,11,9,4.9/半只,不辣,小吃,极度酥香,中餐;荤菜;高蛋白,醉面
羊肉串,120,9,8,3起/一串,微微辣,小吃,纯正鲜美,中餐;荤菜;高蛋白,醉面
"热辣香骨鸡三件套",520,22,28,29.5,yes,套餐,香辣,"荤菜;高脂",KFC
"辣翅/烤翅三件套",580,26,32,29.5,yes,套餐,香辣,"荤菜;高脂",KFC
"2桶20翅（含薄脆翅）",1820,92,110,69.9,yes,炸鸡桶,香辣,"荤菜;高脂;高蛋白",KFC
"2对翅任选",360,18,22,19.9,yes,小吃,香辣,"荤菜;高脂",KFC
"经典十翅一桶",910,46,55,39.9,yes,炸鸡桶,香辣,"荤菜;高脂;高蛋白",KFC
"翅堡疯狂拼",780,32,38,39.9,yes,套餐,香辣,"荤菜;高脂",KFC
"吮指原味鸡青年 (4块)",1280,68,88,19.9,no,小吃,咸鲜,"荤菜;高脂;高蛋白",KFC
"大神卡专享经典堡卷四件套",850,35,42,25.9,yes,套餐,咸甜,"荤菜;高脂",KFC
"人气明星餐随心配四件套",720,28,34,32.4,yes,套餐,咸甜,"荤菜;高脂",KFC
"四味小食拼盘",680,24,38,39.9,yes,小吃,香辣,"荤菜;高脂",KFC
"大神卡专享小食三件套",460,14,26,15,no,套餐,咸甜,"荤菜;高脂",KFC
"周末疯狂拼畅选4拼餐",820,30,40,29.9,yes,套餐,咸甜,"荤菜;高脂",KFC
"周末疯狂拼畅选8拼餐",1450,55,75,54.9,yes,套餐,咸甜,"荤菜;高脂;高蛋白",KFC
"吮指原味鸡青年 (1块/任意部位)",320,17,22,9,no,单品,咸鲜,"荤菜;高脂",KFC
"吮指原味鸡青年 可乐餐",790,34,44,39.9,no,套餐,咸鲜,"荤菜;高脂",KFC
"吮指原味鸡青年桶",1280,68,88,39,no,炸鸡桶,咸鲜,"荤菜;高脂;高蛋白",KFC
"大神卡专享牛堡四件套",880,36,45,27.9,no,套餐,咸鲜,"荤菜;高脂;高蛋白",KFC
"大神卡专享小食三件套",460,14,26,15,no,套餐,咸甜,"荤菜;高脂",KFC
"大神卡专享经典堡卷四件套",850,35,42,25.9,yes,套餐,香辣,"荤菜;高脂;高蛋白",KFC
"人气明星餐随心配四件套",720,28,34,32.4,yes,套餐,咸甜,"荤菜;高脂",KFC
"人气汉堡随心配四件套",750,26,36,38,no,套餐,咸鲜,"荤菜;高脂",KFC
"经典十翅一桶",910,46,55,39.9,yes,炸鸡桶,香辣,"荤菜;高脂;高蛋白",KFC
"经典翅桶双堡饮料餐",1650,68,82,79.9,yes,套餐,香辣,"荤菜;高脂;高蛋白",KFC
"翅堡疯狂拼",780,32,38,39.9,yes,套餐,香辣,"荤菜;高脂",KFC
"汁汁双层嫩牛堡(美式风味)",560,28,32,21.5,no,单品,咸鲜,"荤菜;高脂;高蛋白",KFC
"汁汁嫩牛堡",410,18,22,18,no,单品,咸鲜,"荤菜;高脂",KFC
"秘汁全鸡周末特惠",1150,75,85,26.9,no,单品,咸甜,"荤菜;高脂;高蛋白",KFC
"超值全鸡桶",1380,85,98,79.9,yes,炸鸡桶,香辣,"荤菜;高脂;高蛋白",KFC
"2对翅任选",360,18,22,19.9,yes,小吃,香辣,"荤菜;高脂",KFC
"炸鸡爆柠茶套餐",480,18,24,36,yes,套餐,酸甜香辣,"荤菜;高脂",KFC
"四味小食拼盘",680,24,38,39.9,yes,小吃,香辣,"荤菜;高脂",KFC
"黄金脆皮鸡 (1块/多块装)",320,18,22,13.5,no,单品,咸鲜,"荤菜;高脂",KFC
"劲爆鸡米花",340,14,18,12,yes,小吃,香辣,"荤菜;高脂",KFC
"黄金鸡块(5块)",260,12,15,13.5,no,小吃,咸鲜,"荤菜;高脂",KFC
"热辣香骨鸡(3块)",290,13,18,13.5,yes,小吃,香辣,"荤菜;高脂",KFC
"香辣鸡翅(2块)",360,18,22,13.5,yes,小吃,香辣,"荤菜;高脂",KFC
"新奥尔良烤翅(2块)",240,16,13,14,no,小吃,甜辣,"荤菜;高蛋白",KFC
"醇香土豆泥",110,2,4,7.5,no,小吃,咸鲜,"低热量",KFC
"薯条",300,4,14,9.5,no,小吃,咸鲜,"高脂",KFC
"黄金SPA鸡排堡(藤椒风味)",510,22,25,18.5,yes,单品,麻辣,"荤菜;高脂",KFC
"滋滋YES烤鸡腿堡",460,24,20,18.5,no,单品,咸甜,"荤菜;高蛋白",KFC
"老北京鸡肉卷",490,19,22,18.5,no,单品,酱香,"荤菜;高脂",KFC
"香辣鸡腿堡",530,22,26,20.5,yes,单品,香辣,"荤菜;高脂",KFC
"劲脆鸡腿堡",540,23,27,20.5,no,单品,咸鲜,"荤菜;高脂",KFC
"新奥尔良烤鸡腿堡",450,23,18,21,no,单品,甜辣,"荤菜;高蛋白",KFC
"桂花酸梅汤(大)",120,0,0,6.5,no,饮品,酸甜,"低热量",KFC
"梅梅柠檬饮",110,0,0,9,no,饮品,酸甜,"低热量",KFC
"爆汁三柠檬茶(冰)",140,0,0,13,no,饮品,酸甜,"低热量",KFC
"百事可乐(冰)",150,0,0,10,no,饮品,甜,"低热量",KFC
"九珍果汁饮料(冰)",160,0,0,13,no,饮品,酸甜,"低热量",KFC
"红豆派(1只)",240,3,8,7,no,甜点,甜,"高脂",KFC
"葡式蛋挞(1只/多只装)",210,4,13,8,no,甜点,甜,"高脂",KFC
"天府椒麻香辣粉",5,0,0,0.9,yes,调味包,麻辣,"低热量",KFC
"无纺布礼品袋",0,0,0,2,no,周边,无,"低热量",KFC
青苹果气泡美式,120,0.5,0,9.9,否,饮品,酸甜清爽,中餐;低热量;素菜,肯悦咖啡
芒芒杨枝甘露,280,2,4,11.9,否,饮品,香甜浓郁,中餐;甜品,肯悦咖啡
爆款咖啡买一送一,180,2,3,19,否,饮品,醇厚,中餐,肯悦咖啡
巨大的蛋挞咖啡套餐,450,8,18,32.9,否,套餐,甜咸交织,中餐;高脂,肯悦咖啡
浓香美式,5,0.3,0,6.9,否,饮品,微苦醇香,中餐;低热量;素菜,肯悦咖啡
苹果气泡美式,110,0.4,0,9.9,否,饮品,酸甜清爽,中餐;低热量;素菜,肯悦咖啡
美式热狗咖啡两件套,420,14,16,10.9,否,套餐,咸鲜思甜,中餐;荤菜;高蛋白;高脂,肯悦咖啡
夏梦单杯蛋挞套餐,290,5,10,12.9,否,套餐,香甜,中餐,肯悦咖啡
焦糖厚蛋挞4只周末特惠,760,16,36,24.9,否,小吃,奶香焦糖,中餐;高脂,肯悦咖啡
焦糖厚蛋挞咖啡两件套,380,5,11,13.9,否,套餐,甜醇,中餐,肯悦咖啡
焦糖厚蛋挞（1只装）,190,4,9,9,否,小吃,奶香焦糖,中餐;高脂,肯悦咖啡
焦糖厚蛋挞（2只装）,380,8,18,17.9,否,小吃,奶香焦糖,中餐;高脂,肯悦咖啡
焦糖厚蛋挞（3只装）,570,12,27,27,否,小吃,奶香焦糖,中餐;高脂,肯悦咖啡
焦糖厚蛋挞（5只装）,950,20,45,49.9,否,小吃,奶香焦糖,中餐;高脂,肯悦咖啡
巨大的蛋挞（1只/2只装）,350,7,16,59,否,小吃,浓郁奶香,中餐;高脂,肯悦咖啡
经典美式热狗,310,11,14,9,否,小吃,咸鲜,中餐;荤菜;高蛋白;高脂,肯悦咖啡
黄金组合纳斯苹果气泡美式,130,0.5,0,9.9,否,饮品,果香清爽,中餐;低热量;素菜,肯悦咖啡
红苹果热美式,90,0.4,0,9.9,否,饮品,微甜醇厚,中餐;低热量;素菜,肯悦咖啡
青苹果饮,80,0.2,0,6.9,否,饮品,酸甜,中餐;低热量;素菜,肯悦咖啡
黄金组合纳斯苹果饮,85,0.2,0,6.9,否,饮品,果香甜美,中餐;低热量;素菜,肯悦咖啡
爆汁苹果饮,80,0.2,0,6.9,否,饮品,清甜,中餐;低热量;素菜,肯悦咖啡
百香度度芒气泡美式,140,0.6,0,9.9,否,饮品,酸甜热带风味,中餐;低热量;素菜,肯悦咖啡
血橙西柚味气泡美式,115,0.4,0,6.9,否,饮品,柑橘酸甜,中餐;低热量;素菜,肯悦咖啡
爆汁三柠檬气泡美式,100,0.3,0,9.9,否,饮品,柠檬清酸,中餐;低热量;素菜,肯悦咖啡
咖啡10杯装,150,3,2,99,否,饮品,醇厚,中餐,肯悦咖啡
满杯生椰拿铁,240,4,8,9.9,否,饮品,椰香浓郁,中餐,肯悦咖啡
浓香拿铁,160,5,6,6.9,否,饮品,啡香奶浓,中餐,肯悦咖啡
百香度度芒果饮,110,0.4,0,6.9,否,饮品,酸甜,中餐;低热量;素菜,肯悦咖啡
热牛奶（中热）,150,7,8,13,否,饮品,纯正奶香,中餐;高蛋白,肯悦咖啡
爆汁三柠檬,70,0.2,0,6.9,否,饮品,酸甜清脆,中餐;低热量;素菜,肯悦咖啡
浓浓抹茶拿铁（不含咖啡）,210,5,6,9.9,否,饮品,抹茶清香,中餐,肯悦咖啡
浓浓燕麦生椰拿铁（不含咖啡）,190,3,7,9.9,否,饮品,麦香椰奶,中餐,肯悦咖啡
爆汁三柠檬浓浓抹茶（不含咖啡）,160,2,2,9.9,否,饮品,清爽抹茶柠檬,中餐,肯悦咖啡
美式（纯黑）,5,0.3,0,9.9,否,饮品,苦醇,中餐;低热量;素菜,肯悦咖啡
拿铁（纯黑）,130,4,5,10.9,否,饮品,奶香咖啡,中餐,肯悦咖啡
现磨牛奶黑巧醇国风咖啡,260,6,8,15.9,否,饮品,浓郁可可醇香,中餐,肯悦咖啡
原味冰淇淋花筒,160,3,5,6,否,甜品,奶香冰爽,中餐,肯悦咖啡
经典圣代系列,240,4,7,12,否,甜品,冰甜浓郁,中餐,肯悦咖啡
葡式蛋挞（1只/多只装）,180,4,9,8,否,小吃,酥脆奶香,中餐;高脂,肯悦咖啡
必胜臻选牛排,450,35,30,¥49,否,西式好菜 牛排,咸鲜,荤菜;高蛋白,必胜客
【小泰华】牛排单人餐,850,45,45,¥59.9,否,一人食,咸鲜;复合,荤菜;高蛋白,必胜客
丰盛披萨双人餐,1400,65,55,¥69,否,多人餐,复合,荤菜;高脂,必胜客
聚有料披萨多人餐,1800,80,70,¥89,否,多人餐,复合,荤菜;高脂,必胜客
经典全家福摇滚摊丰多人餐,2200,95,85,¥99,否,多人餐,复合,荤菜;高脂,必胜客
【尖叫星期末】卷边披萨自由享3人餐,2600,110,100,¥139,否,多人餐,复合,荤菜;高脂,必胜客
【尖叫星期末】必胜超值披萨牛排3人餐,2800,125,110,¥129,否,多人餐,复合,荤菜;高脂,必胜客
多件多折西式好菜欢聚餐,3200,140,120,¥51.2,否,多人餐,复合,荤菜;高脂,必胜客
百滋百味贴贴双人餐,1500,70,60,¥159,否,多人餐,复合,荤菜;高脂,必胜客
披萨59元2件特惠购,1600,70,65,¥59,否,披萨,复合,荤菜;高脂,必胜客
奶香双重芝士多多披萨（大）,900,38,35,¥39,否,披萨,奶香;甜咸,素菜;高脂,必胜客
薯角培根披萨（大）,1100,45,48,¥49,否,披萨,咸鲜,荤菜;高脂,必胜客
经典夏威夷风情披萨（大）,1050,42,42,¥59,否,披萨,酸甜;咸鲜,荤菜;高脂,必胜客
金枕榴莲菠菠披萨（大）,1150,35,45,¥59,否,披萨,甜香;奶香,素菜;高脂,必胜客
新奥尔良风情烤肉披萨（大）,1100,48,42,¥69,否,披萨,咸甜;微辣,荤菜;高脂,必胜客
超级至尊披萨（大）,1200,52,50,¥79,否,披萨,复合咸鲜,荤菜;高脂,必胜客
奶香双重芝士多多披萨（小）,450,19,17.5,¥19,否,小装披萨,奶香;甜咸,素菜;高脂,必胜客
薯角培根披萨（小）,550,22.5,24,¥29,否,小装披萨,咸鲜,荤菜;高脂,必胜客
经典夏威夷风情披萨（小）,525,21,21,¥29,否,小装披萨,酸甜;咸鲜,荤菜;高脂,必胜客
金枕榴莲菠菠披萨（小）,575,17.5,22.5,¥35,否,小装披萨,甜香;奶香,素菜;高脂,必胜客
新奥尔良风情烤肉披萨（小）,550,24,21,¥29,否,小装披萨,咸甜;微辣,荤菜;高脂,必胜客
超级至尊披萨（小）,600,26,25,¥35,否,小装披萨,复合咸鲜,荤菜;高脂,必胜客
经典意式肉酱面,480,18,14,¥19.9,否,面/饭,酸甜;咸鲜,荤菜,必胜客
必胜小食盒,750,28,45,¥39.9,否,小食,油炸香脆,荤菜;高脂,必胜客
脆香泰气鸡柳,280,16,15,¥15,否,小食,香脆;泰式,荤菜,必胜客
脆香黄金薯格,320,4,18,¥12,否,小食,咸香;酥脆,素菜;高脂,必胜客
香草凤尾虾6只,360,22,20,¥38,否,小食,鲜香;酥脆,荤菜;高蛋白,必胜客
香草凤尾虾3只,180,11,10,¥19,否,小食,鲜香;酥脆,荤菜;高蛋白,必胜客
烤翅,240,18,16,¥19,是,小食,香辣;咸鲜,荤菜;微辣,必胜客
芝士焗黄金甜玉米粒,260,6,14,¥9,否,小食,奶香;甜润,素菜,必胜客
薯条（小）,220,3,11,¥9,否,小食,咸香,素菜,必胜客
薄荷沁双果,120,0.5,0,¥25,否,饮料/咖啡,酸甜;清爽,低热量,必胜客
武夷水仙大红袍茶饮,10,0,0,¥9.9,否,饮料/咖啡,茶香;清爽,低热量,必胜客
武夷水仙大红袍梅梅茶,90,0.2,0,¥15,否,饮料/咖啡,酸甜;茶香,低热量,必胜客
百事可乐,140,0,0,¥8,否,饮料/咖啡,甜,低热量,必胜客
喵喵黄油小贝蛋糕,280,5,18,¥15,否,甜品,奶香;甜润,高脂,必胜客
阳光青提美式,80,0.5,0.1,8.8,0,饮品,酸甜清爽,中餐;低热量;素菜,库迪咖啡
鲜气杨梅燕麦拿铁,160,2.5,3.5,8.8,0,饮品,果香奶香,中餐;低热量,库迪咖啡
鲜气杨梅库可冰,140,0.2,0.1,8.8,0,饮品,酸甜冰爽,中餐;低热量;素菜,库迪咖啡
生椰拿铁(轻盈版),120,1.8,2.5,8.8,0,饮品,椰香丝滑,中餐;低热量,库迪咖啡
金奖深烘美式,5,0.3,0.0,8.8,0,饮品,醇厚苦甘,中餐;低热量;素菜,库迪咖啡
茉莉花香拿铁,150,3.0,4.0,8.8,0,饮品,花香奶香,中餐;低热量,库迪咖啡
橙式美式,75,0.5,0.1,8.8,0,饮品,橙香微苦,中餐;低热量;素菜,库迪咖啡
杨枝甘露,210,1.5,3.0,8.8,0,饮品,甜美浓郁,中餐;低热量,库迪咖啡
流云茉莉轻乳茶,130,3.5,2.5,8.8,0,饮品,清爽花香,中餐;低热量;高蛋白,库迪咖啡
百香橙橙美式,85,0.6,0.1,8.8,0,饮品,酸甜多汁,中餐;低热量;素菜,库迪咖啡
百香橙橙,110,0.5,0.1,8.8,0,饮品,清甜果香,中餐;低热量;素菜,库迪咖啡
黑糖波波牛乳茶,240,4.5,5.0,8.8,0,饮品,香甜浓郁,中餐;高蛋白;高脂,库迪咖啡
纯萃燕麦拿铁,140,2.0,3.0,8.8,0,饮品,麦香谷物,中餐;低热量,库迪咖啡
杏皮水,90,0.2,0.1,8.8,0,饮品,酸甜古法,中餐;低热量;素菜,库迪咖啡
潘帕斯蓝西柚水,95,0.4,0.1,8.8,0,饮品,清爽柑橘,中餐;低热量;素菜,库迪咖啡
柠檬茉莉水茶,70,0.2,0.0,8.8,0,饮品,酸甜清香,中餐;低热量;素菜,库迪咖啡
桃桃白柚冰茶,100,0.3,0.0,8.8,0,饮品,桃香柚香,中餐;低热量;素菜,库迪咖啡
桃桃白柚气泡水,110,0.2,0.0,8.8,0,饮品,清爽气泡,中餐;低热量;素菜,库迪咖啡
柠檬美式,65,0.4,0.1,8.8,0,饮品,柠檬清酸,中餐;低热量;素菜,库迪咖啡
桃桃美式,80,0.4,0.1,8.8,0,饮品,蜜桃微苦,中餐;低热量;素菜,库迪咖啡
满杯桃桃,120,0.3,0.1,8.8,0,饮品,甜美蜜桃,中餐;低热量;素菜,库迪咖啡
豆乳拿铁,160,4.0,3.5,8.8,0,饮品,豆香醇厚,中餐;低热量;高蛋白,库迪咖啡
生椰拿铁,180,2.0,4.5,8.8,0,饮品,经典椰香,中餐;低热量,库迪咖啡
小黄油拿铁,220,2.5,7.5,8.8,0,饮品,浓郁咸香,中餐;高脂,库迪咖啡
潘帕斯蓝生酪茉莉拿铁,200,3.5,6.0,8.8,0,饮品,咸香生酪,中餐;高脂;高蛋白,库迪咖啡
奶茶吐司套餐,350,8.5,9.0,13.9,0,套餐,复合美味,中餐;高脂;高蛋白,库迪咖啡
健康零食随心配,180,4.0,5.0,13.9,0,套餐,休闲风味,中餐;低热量,库迪咖啡
经典拿铁,150,3.5,4.5,8.8,0,饮品,啡香奶香,中餐;低热量;高蛋白,库迪咖啡
鲜萃茉莉轻乳茶,120,3.2,2.2,8.8,0,饮品,清新花香,中餐;低热量;高蛋白,库迪咖啡
柚见美式,75,0.5,0.1,8.8,0,饮品,柚香清爽,中餐;低热量;素菜,库迪咖啡
超燃椰青美式,70,0.6,0.1,8.8,0,饮品,天然清甜,中餐;低热量;素菜,库迪咖啡
超燃椰青茉莉冰茶,85,0.4,0.0,8.8,0,饮品,椰香茶香,中餐;低热量;素菜,库迪咖啡
鲜气杨梅冰茶,110,0.3,0.0,8.8,0,饮品,杨梅酸甜,中餐;低热量;素菜,库迪咖啡
清爽芭乐橙,105,0.5,0.1,8.8,0,饮品,芭乐风味,中餐;低热量;素菜,库迪咖啡
牛轧糖肉松小方砖,190,5.5,6.5,5.9,0,烘焙,咸甜肉松,中餐;荤菜;高脂;高蛋白,库迪咖啡
超燃生椰拿铁,160,1.8,3.5,8.8,0,饮品,清甜椰香,中餐;低热量,库迪咖啡
铂金精品美式,5,0.3,0.0,8.8,0,饮品,花香果酸,中餐;低热量;素菜,库迪咖啡
铂金精品美式(加浓),5,0.3,0.0,8.8,0,饮品,浓烈醇厚,中餐;低热量;素菜,库迪咖啡
金奖深烘美式(加浓),5,0.3,0.0,8.8,0,饮品,焦糖黑巧,中餐;低热量;素菜,库迪咖啡
蜂蜜美式,60,0.3,0.0,8.8,0,饮品,蜜香微苦,中餐;低热量;素菜,库迪咖啡
精萃澳白,130,3.2,4.0,8.8,0,饮品,浓郁丝滑,中餐;低热量;高蛋白,库迪咖啡
卡布奇诺,140,3.3,4.2,8.8,0,饮品,绵密奶泡,中餐;低热量;高蛋白,库迪咖啡
风味经典拿铁,170,3.5,5.0,8.8,0,饮品,风味甜香,中餐;低热量;高蛋白,库迪咖啡
铂金精品浓缩,5,0.3,0.0,8.8,0,饮品,精致浓烈,中餐;低热量;素菜,库迪咖啡
金奖深烘浓缩,5,0.3,0.0,8.8,0,饮品,醇厚浓郁,中餐;低热量;素菜,库迪咖啡
生椰拿铁,180,2.0,4.5,8.8,0,饮品,经典椰香,中餐;低热量,库迪咖啡
小黄油拿铁,220,2.5,7.5,8.8,0,饮品,浓郁咸香,中餐;高脂,库迪咖啡
小黄油美式,85,0.4,2.0,8.8,0,饮品,油香微苦,中餐;低热量,库迪咖啡
杨枝甘露拿铁,210,2.2,4.0,8.8,0,饮品,甜美果奶,中餐;低热量,库迪咖啡
格兰金丝玛黛拿铁,160,2.8,3.5,8.8,0,饮品,独特茶奶,中餐;低热量,库迪咖啡
潘帕斯蓝生酪茉莉拿铁,200,3.5,6.0,8.8,0,饮品,咸香生酪,中餐;高脂;高蛋白,库迪咖啡
太妃榛果拿铁,190,3.0,5.0,8.8,0,饮品,坚果甜香,中餐;低热量;高蛋白,库迪咖啡
太妃榛果厚乳生酪拿铁,230,3.8,7.0,8.8,0,饮品,浓郁醇厚,中餐;高脂;高蛋白,库迪咖啡
双酪拿铁,210,4.0,6.5,8.8,0,饮品,双重奶香,中餐;高脂;高蛋白,库迪咖啡
生椰拿铁(轻盈版),120,1.8,2.5,8.8,0,饮品,椰香丝滑,中餐;低热量,库迪咖啡
茉莉花香拿铁,150,3.0,4.0,8.8,0,饮品,花香奶香,中餐;低热量,库迪咖啡
神秘祖玛热巧拿铁,210,3.2,5.5,8.8,0,饮品,香浓可可,中餐;低热量,库迪咖啡
神秘祖玛纳拿铁,180,3.0,4.5,8.8,0,饮品,风味独特,中餐;低热量,库迪咖啡
潘帕斯蓝椰拿铁,190,2.2,5.0,8.8,0,饮品,清新椰香,中餐;低热量,库迪咖啡
潘帕斯蓝燕麦拿铁,160,2.4,4.0,8.8,0,饮品,麦香充盈,中餐;低热量,库迪咖啡
纯萃燕麦拿铁,140,2.0,3.0,8.8,0,饮品,麦香谷物,中餐;低热量,库迪咖啡
海盐焦糖丝滑拿铁,200,2.8,5.0,8.8,0,饮品,咸甜丝滑,中餐;低热量,库迪咖啡
生酪拿铁,190,3.4,5.5,8.8,0,饮品,奶香生酪,中餐;低热量;高蛋白,库迪咖啡
太妃丝绒拿铁,180,3.2,4.8,8.8,0,饮品,丝绒甜香,中餐;低热量;高蛋白,库迪咖啡
豆乳拿铁,160,4.0,3.5,8.8,0,饮品,豆香醇厚,中餐;低热量;高蛋白,库迪咖啡
流云拿铁,150,3.3,4.2,8.8,0,饮品,细腻啡香,中餐;低热量;高蛋白,库迪咖啡
闪购茉莉拿铁,140,2.8,3.8,8.8,0,饮品,茉莉咖啡,中餐;低热量,库迪咖啡
超燃椰青美式,70,0.6,0.1,8.8,0,饮品,天然清甜,中餐;低热量;素菜,库迪咖啡
阳光青提美式,80,0.5,0.1,8.8,0,饮品,酸甜清爽,中餐;低热量;素菜,库迪咖啡
胶原莓莓美式,90,0.5,0.1,8.8,0,饮品,莓果酸甜,中餐;低热量;素菜,库迪咖啡
百香橙橙美式,85,0.6,0.1,8.8,0,饮品,酸甜多汁,中餐;低热量;素菜,库迪咖啡
心动粉芭乐美式,95,0.4,0.1,8.8,0,饮品,芭乐微苦,中餐;低热量;素菜,库迪咖啡
心动粉芭乐气泡冰萃,105,0.3,0.1,8.8,0,饮品,粉嫩气泡,中餐;低热量;素菜,库迪咖啡
双柚美式,75,0.5,0.1,8.8,0,饮品,双柚清酸,中餐;低热量;素菜,库迪咖啡
闪购西西里美式,80,0.4,0.1,8.8,0,饮品,西西里风,中餐;低热量;素菜,库迪咖啡
蜂蜜柠檬气泡冰萃,95,0.2,0.0,8.8,0,饮品,蜜香柠檬,中餐;低热量;素菜,库迪咖啡
苹果美式,80,0.5,0.1,8.8,0,饮品,青苹果香,中餐;低热量;素菜,库迪咖啡
苹果气泡冰萃,100,0.3,0.0,8.8,0,饮品,苹果气泡,中餐;低热量;素菜,库迪咖啡
柠檬美式,65,0.4,0.1,8.8,0,饮品,柠檬清酸,中餐;低热量;素菜,库迪咖啡
桃桃美式,80,0.4,0.1,8.8,0,饮品,蜜桃微苦,中餐;低热量;素菜,库迪咖啡
柚香美式,75,0.5,0.1,8.8,0,饮品,清柚风味,中餐;低热量;素菜,库迪咖啡
杏皮气泡冰萃,110,0.2,0.0,8.8,0,饮品,古法气泡,中餐;低热量;素菜,库迪咖啡
橙式美式,75,0.5,0.1,8.8,0,饮品,橙香微苦,中餐;低热量;素菜,库迪咖啡
橙气气泡冰萃,95,0.3,0.0,8.8,0,饮品,鲜橙气泡,中餐;低热量;素菜,库迪咖啡
柚见美式,75,0.5,0.1,8.8,0,饮品,柚香清爽,中餐;低热量;素菜,库迪咖啡
柚见气泡冰萃,95,0.3,0.0,8.8,0,饮品,气泡清柚,中餐;低热量;素菜,库迪咖啡
小黄油茉香抹茶,190,3.5,6.0,8.8,0,饮品,黄油抹香,中餐;低热量;高蛋白,库迪咖啡
黑糖波波牛乳茶,240,4.5,5.0,8.8,0,饮品,香甜浓郁,中餐;高蛋白;高脂,库迪咖啡
心动粉芭乐茉莉,130,1.8,2.0,8.8,0,饮品,芭乐茶奶,中餐;低热量,库迪咖啡
格兰金丝牛乳茶,150,3.2,3.5,8.8,0,饮品,金丝茶香,中餐;低热量;高蛋白,库迪咖啡
鲜萃椰香茉莉,160,2.0,4.0,8.8,0,饮品,椰香茉莉,中餐;低热量,库迪咖啡
流云茉莉轻乳茶,130,3.5,2.5,8.8,0,饮品,清爽花香,中餐;低热量;高蛋白,库迪咖啡
芝芝青提,210,3.8,5.5,8.8,0,饮品,芝士青提,中餐;高脂;高蛋白,库迪咖啡
蜂蜜茉莉轻乳茶,110,3.2,1.8,8.8,0,饮品,清甜花香,中餐;低热量;高蛋白,库迪咖啡
高山绿茶清爽椰,140,1.5,3.0,8.8,0,饮品,清爽椰茶,中餐;低热量,库迪咖啡
抹茶拿铁,160,3.4,4.0,8.8,0,饮品,抹茶醇香,中餐;低热量;高蛋白,库迪咖啡
晴天茉莉绿茶,60,0.5,0.0,8.8,0,饮品,清新纯茶,中餐;低热量;素菜,库迪咖啡
超燃椰青茉莉冰茶,85,0.4,0.0,8.8,0,饮品,椰香茶香,中餐;低热量;素菜,库迪咖啡
鲜气杨梅冰茶,110,0.3,0.0,8.8,0,饮品,杨梅酸甜,中餐;低热量;素菜,库迪咖啡
胶原莓莓果茶,120,0.4,0.0,8.8,0,饮品,莓果清甜,中餐;低热量;素菜,库迪咖啡
百香橙橙,110,0.5,0.1,8.8,0,饮品,清甜果香,中餐;低热量;素菜,库迪咖啡
蜂蜜柠檬冰茶,115,0.2,0.0,8.8,0,饮品,酸甜柠檬,中餐;低热量;素菜,库迪咖啡
柠檬茉莉水茶,70,0.2,0.0,8.8,0,饮品,酸甜清香,中餐;低热量;素菜,库迪咖啡
桃桃白柚冰茶,100,0.3,0.0,8.8,0,饮品,桃香柚香,中餐;低热量;素菜,库迪咖啡
杏皮茉莉茶,95,0.2,0.0,8.8,0,饮品,古法茶香,中餐;低热量;素菜,库迪咖啡
橙子柠檬茶,105,0.4,0.1,8.8,0,饮品,清爽柑橘,中餐;低热量;素菜,库迪咖啡
柚见手摇冰茶,100,0.3,0.0,8.8,0,饮品,柚香四溢,中餐;低热量;素菜,库迪咖啡
杨枝甘露,210,1.5,3.0,8.8,0,饮品,甜美浓郁,中餐;低热量,库迪咖啡
黑糖波波牛乳,230,4.2,4.8,8.8,0,饮品,纯乳香甜,中餐;高蛋白;高脂,库迪咖啡
桃桃白柚气泡水,110,0.2,0.0,8.8,0,饮品,清爽气泡,中餐;低热量;素菜,库迪咖啡
满杯桃桃,120,0.3,0.1,8.8,0,饮品,甜美蜜桃,中餐;低热量;素菜,库迪咖啡
杏皮水,90,0.2,0.1,8.8,0,饮品,酸甜古法,中餐;低热量;素菜,库迪咖啡
潘帕斯蓝西柚水,95,0.4,0.1,8.8,0,饮品,清爽柑橘,中餐;低热量;素菜,库迪咖啡
醇香牛奶,130,3.3,4.0,8.8,0,饮品,纯正奶香,中餐;低热量;高蛋白,库迪咖啡
鲜气杨梅燕麦奶昔,160,2.5,3.5,8.8,0,冰沙甜品,酸甜奶香,中餐;低热量,库迪咖啡
鲜气杨梅库可冰,140,0.2,0.1,8.8,0,冰沙甜品,酸甜冰爽,中餐;低热量;素菜,库迪咖啡
清爽芭乐捏,105,0.5,0.1,8.8,0,冰沙甜品,清甜芭乐,中餐;低热量;素菜,库迪咖啡
胶原莓果奶昔,180,3.0,2.8,8.8,0,冰沙甜品,莓果浓郁,中餐;低热量;高蛋白,库迪咖啡
抹茶榛香库可冰,195,2.5,4.5,8.8,0,冰沙甜品,抹茶坚果,中餐;低热量,库迪咖啡
柚见茉莉库可冰,125,0.4,0.1,8.8,0,冰沙甜品,清新柚香,中餐;低热量;素菜,库迪咖啡
抹茶茉香库可冰,150,2.0,2.5,8.8,0,冰沙甜品,茶香清爽,中餐;低热量;素菜,库迪咖啡
生椰拿铁库可冰,210,2.2,5.0,8.8,0,冰沙甜品,经典椰香,中餐;高脂,库迪咖啡
牛轧糖肉松小方砖,190,5.5,6.5,1.9,0,甜点简餐,咸甜肉松,中餐;荤菜;高脂;高蛋白,库迪咖啡
抹茶红豆小方砖,175,4.0,3.5,1.9,0,甜点简餐,微苦香甜,中餐;低热量;素菜,库迪咖啡
开心果蔓越莓小方砖,185,3.8,4.8,1.9,0,甜点简餐,果仁酸甜,中餐;低热量;素菜,库迪咖啡
南瓜橙皮小方砖,165,3.2,3.0,1.9,0,甜点简餐,香甜清瓜,中餐;低热量;素菜,库迪咖啡
牛轧厚切小方砖,200,4.5,5.5,1.9,0,甜点简餐,奶香浓郁,中餐;高脂,库迪咖啡
熔岩黑巧小方砖,220,4.0,7.5,1.9,0,甜点简餐,浓郁黑巧,中餐;高脂,库迪咖啡
每日坚果,160,4.5,12.0,1.9,0,甜点简餐,香脆果仁,中餐;高脂;高蛋白;素菜,库迪咖啡
香瓜子,150,5.0,11.5,1.9,0,甜点简餐,原香酥脆,中餐;高脂;高蛋白;素菜,库迪咖啡
【健康零食随心配】,180,4.0,5.0,13.9,0,套餐,休闲风味,中餐;低热量,库迪咖啡
每日坚果(益生菌),165,4.3,11.8,1.9,0,甜点简餐,酸甜香脆,中餐;高脂;高蛋白;素菜,库迪咖啡
芒果干,120,0.8,0.2,8.9,0,甜点简餐,酸甜软糯,中餐;低热量;素菜,库迪咖啡
金奖冻干,10,1.2,0.0,64.9,0,便携咖啡,醇厚原味,中餐;低热量;素菜,库迪咖啡
金奖挂耳,10,1.0,0.0,29.9,0,便携咖啡,浓郁啡香,中餐;低热量;素菜,库迪咖啡
柠檬红茶轰气桶,192,1.0,0.4,6.9,0,当季新品,酸甜爽口,中餐;素菜;低热量,蜜雪冰城
真橙美式,195,1.0,0.4,7.0,0,当季新品,橙香咖啡,中餐;素菜;低热量,蜜雪冰城
蓝莓果粒茶,195,1.0,0.4,7.0,0,当季新品,果香酸甜,中餐;素菜;低热量,蜜雪冰城
金桔香柠檬轰气桶,192,1.0,0.4,6.9,0,当季新品,清爽金桔,中餐;素菜;低热量,蜜雪冰城
春日龙井,120,0.6,0.2,4.0,0,当季新品,清香茶底,中餐;素菜;低热量,蜜雪冰城
龙井冰椰,195,1.0,0.4,7.0,0,当季新品,椰香茶爽,中餐;素菜;低热量,蜜雪冰城
大橘果粒茶,195,1.0,0.4,7.0,0,当季新品,橘香浓郁,中餐;素菜;低热量,蜜雪冰城
大橘撞奶,395,4.7,13.8,7.0,0,当季新品,奶香橘甜,中餐;素菜;高脂,蜜雪冰城
大橘奶盖,440,5.3,15.4,8.0,0,当季新品,咸甜奶盖,中餐;素菜;高脂,蜜雪冰城
青团椰椰,440,5.3,15.4,8.0,0,当季新品,清甜椰香,中餐;素菜;高脂,蜜雪冰城
龙井轻乳茶,195,1.0,0.4,7.0,0,当季新品,清爽乳茶,中餐;素菜;低热量,蜜雪冰城
蜜瓜摇摇冰,170,0.8,0.3,6.0,0,当季新品,清甜蜜瓜,中餐;素菜;低热量,蜜雪冰城
葡萄酸奶,410,12.3,8.2,9.0,0,当季新品,酸甜醇厚,中餐;素菜;高蛋白,蜜雪冰城
冰鲜柠檬水,120,0.6,0.2,4.0,0,清爽真果茶,酸甜冰爽,中餐;素菜;低热量,蜜雪冰城
棒打鲜橙,170,0.8,0.3,6.0,0,清爽真果茶,浓郁橙香,中餐;素菜;低热量,蜜雪冰城
蜜桃四季春,195,1.0,0.4,7.0,0,清爽真果茶,桃香四溢,中餐;素菜;低热量,蜜雪冰城
满杯百香果,195,1.0,0.4,7.0,0,清爽真果茶,酸甜百香果,中餐;素菜;低热量,蜜雪冰城
柠檬绿茶,145,0.7,0.3,5.0,0,清爽真果茶,清爽柠檬,中餐;素菜;低热量,蜜雪冰城
芋圆葡萄,220,1.1,0.4,8.0,0,清爽真果茶,葡萄Q弹,中餐;素菜;低热量,蜜雪冰城
草莓啵啵,220,1.1,0.4,8.0,0,清爽真果茶,草莓甜美,中餐;素菜;低热量,蜜雪冰城
杨枝甘露,170,0.8,0.3,6.0,0,清爽真果茶,芒果椰香,中餐;素菜;低热量,蜜雪冰城
珍珠奶茶,350,4.2,12.2,6.0,0,经典奶茶,奶香醇厚,中餐;素菜;高脂,蜜雪冰城
椰果奶茶,395,4.7,13.8,7.0,0,经典奶茶,椰果清甜,中餐;素菜;高脂,蜜雪冰城
芋圆奶茶,440,5.3,15.4,8.0,0,经典奶茶,Q弹芋圆,中餐;素菜;高脂,蜜雪冰城
原味奶茶,350,4.2,12.2,6.0,0,经典奶茶,经典奶香,中餐;素菜;高脂,蜜雪冰城
三拼霸霸奶茶,440,5.3,15.4,8.0,0,经典奶茶,料多满足,中餐;素菜;高脂,蜜雪冰城
布丁奶茶,395,4.7,13.8,7.0,0,经典奶茶,滑嫩布丁,中餐;素菜;高脂,蜜雪冰城
双拼奶茶,395,4.7,13.8,7.0,0,经典奶茶,双重口感,中餐;素菜;高脂,蜜雪冰城
芝士奶盖四季春,440,5.3,15.4,8.0,0,经典奶茶,芝士咸香,中餐;素菜;高脂,蜜雪冰城
芝士奶盖绿茶,440,5.3,15.4,8.0,0,经典奶茶,清新芝士,中餐;素菜;高脂,蜜雪冰城
黑糖珍珠奶茶,395,4.7,13.8,7.0,0,经典奶茶,焦糖浓郁,中餐;素菜;高脂,蜜雪冰城
"新鲜冰淇淋(奥利奥脆筒)",170,2.0,6.0,2.0,0,新鲜冰淇淋,奶香浓郁,中餐;素菜;高脂,蜜雪冰城
草莓摇摇奶昔,350,4.2,12.2,6.0,0,新鲜冰淇淋,草莓奶香,中餐;素菜;高脂,蜜雪冰城
脆皮大圣代,395,4.7,13.8,7.0,0,新鲜冰淇淋,巧克力味,中餐;素菜;高脂,蜜雪冰城
"雪王雪顶咖啡(蜜瓜味)",395,4.7,13.8,7.0,0,蜜雪咖啡,蜜瓜奶香,中餐;素菜;高脂,蜜雪冰城
雪王大圣代(奥利奥饼干风味),395,4.7,13.8,6.0,0,新鲜冰淇淋,奥利奥香,中餐;素菜;高脂,蜜雪冰城
雪王大圣代(草莓),395,4.7,13.8,6.0,0,新鲜冰淇淋,草莓酸甜,中餐;素菜;高脂,蜜雪冰城
雪王大圣代(芒果),395,4.7,13.8,6.0,0,新鲜冰淇淋,芒果香甜,中餐;素菜;高脂,蜜雪冰城
蜜瓜冰淇淋,70,0.4,0.1,2.0,0,新鲜冰淇淋,清甜蜜瓜,中餐;素菜;低热量,蜜雪冰城
蜜瓜双炫冰淇淋,170,2.0,6.0,2.0,0,新鲜冰淇淋,双重风味,中餐;素菜;高脂,蜜雪冰城
茉莉奶绿,170,0.8,0.3,6.0,0,轻乳茶系列,清新茉莉,中餐;素菜;低热量,蜜雪冰城
蜜桃甘露,245,1.2,0.5,9.0,0,轻乳茶系列,桃香醇厚,中餐;素菜;低热量,蜜雪冰城
四季春轻乳茶,170,0.8,0.3,6.0,0,轻乳茶系列,清爽茶香,中餐;素菜;低热量,蜜雪冰城
美式咖啡,145,0.7,0.3,5.0,0,蜜雪咖啡,醇苦清爽,中餐;素菜;低热量,蜜雪冰城
拿铁咖啡,195,1.0,0.4,7.0,0,蜜雪咖啡,经典奶香,中餐;素菜;低热量,蜜雪冰城
雪王雪顶咖啡,395,4.7,13.8,7.0,0,蜜雪咖啡,冰爽香甜,中餐;素菜;高脂,蜜雪冰城
茉莉拿铁咖啡,195,1.0,0.4,7.0,0,蜜雪咖啡,花香咖啡,中餐;素菜;低热量,蜜雪冰城
葡萄冰美式,170,0.8,0.3,6.0,0,蜜雪咖啡,果香咖啡,中餐;素菜;低热量,蜜雪冰城
真橙美式咖啡,195,1.0,0.4,7.0,0,蜜雪咖啡,澄香清爽,中餐;素菜;低热量,蜜雪冰城
香草拿铁,220,1.1,0.4,8.0,0,蜜雪咖啡,香草甜香,中餐;素菜;低热量,蜜雪冰城
港式杨枝甘露,245,1.2,0.5,9.0,0,生打椰椰,椰香芒果,中餐;素菜;低热量,蜜雪冰城
生椰拿铁,220,1.1,0.4,8.0,0,生打椰椰,椰香咖啡,中餐;素菜;低热量,蜜雪冰城
茉莉绿茶,120,0.6,0.2,4.0,0,原叶纯茶,清香茉莉,中餐;素菜;低热量,蜜雪冰城
高山四季春,120,0.6,0.2,4.0,0,原叶纯茶,甘醇茶香,中餐;素菜;低热量,蜜雪冰城
单/双杯打包袋,25,0.1,0.1,0.2,0,文创周边,无,中餐;素菜;低热量,蜜雪冰城
香蕉撞奶,395,4.7,13.8,7.0,0,口袋咖,香蕉奶香,中餐;素菜;高脂,蜜雪冰城
香蕉酸奶,410,12.3,8.2,9.0,0,口袋咖,酸甜香蕉,中餐;素菜;高蛋白,蜜雪冰城